-- Spawn dalaran over karazhan - In the blink of an eye
SET @CGUID := 650003;
SET @OGUID := 500001;

DELETE FROM `conversation_template` WHERE `Id`=3827;
INSERT INTO `conversation_template` (`Id`, `FirstLineId`, `LastLineEndTime`, `ScriptName`, `VerifiedBuild`) VALUES 
(3827, 8609, 16440, '', 26822);

DELETE FROM `conversation_line_template` WHERE `Id` IN (8609, 8610);
INSERT INTO `conversation_line_template` (`Id`, `StartTime`, `UiCameraID`, `ActorIdx`, `Flags`, `VerifiedBuild`) VALUES 
(8609, 0, 82, 0, 0, 26822),
(8610, 5412, 82, 0, 11264, 25549);

DELETE FROM `conversation_actors` WHERE `ConversationId`=3827 AND `Idx`=0;
INSERT INTO `conversation_actors` (`ConversationId`, `ConversationActorId`, `ConversationActorGuid`, `Idx`, `VerifiedBuild`) VALUES 
(3827, 55564, 0, 0, 26822);

DELETE FROM `conversation_actor_template` WHERE `Id`=55564;
INSERT INTO `conversation_actor_template` (`Id`, `CreatureId`, `CreatureModelId`, `VerifiedBuild`) VALUES 
(55564, 113986, 65834, 26822);

DELETE FROM `gossip_menu` WHERE (`MenuId`=20457 AND `TextID`=30756);
INSERT INTO `gossip_menu` (`MenuId`, `TextID`) VALUES
(20457, 30756); -- 113986

DELETE FROM `gossip_menu_option` WHERE (`MenuId`=20457);
INSERT INTO `gossip_menu_option` (`MenuId`, `OptionIndex`, `OptionIcon`, `OptionText`, `OptionBroadcastTextId`, `OptionType`, `OptionNpcflag`) VALUES
(20457, 1, 0, 'I\'m ready, begin the teleportation of Dalaran to the broken islands.', 0, 1, 1);

DELETE FROM `phase_area` WHERE `AreaId` = 41 AND PhaseId = 5829;
INSERT INTO `phase_area` (`AreaId`, `PhaseId`, `Comment`) VALUES
(41, 5829, "Cosmetic: Dalaran above Karazhan");

DELETE FROM `conditions` WHERE SourceTypeOrReferenceId = 26 AND SourceGroup = 5829 AND SourceEntry = 41;
INSERT INTO `conditions` (`SourceTypeOrReferenceId`, `SourceGroup`, `SourceEntry`, `SourceId`, `ElseGroup`, `ConditionTypeOrReference`, `ConditionTarget`, `ConditionValue1`, `ConditionValue2`, `ConditionValue3`, `NegativeCondition`, `ErrorType`, `ErrorTextId`, `ScriptName`, `Comment`) VALUES 
(26, 5829, 41, 0, 1, 47, 0, 44663, 0x2|0x8|0x64, 0, 0, 0, 0, '', 'Condition: Add phase 5829 if quest 44663 is in progress, completed, rewarded');

DELETE FROM `conditions` WHERE `SourceTypeOrReferenceId` = 15 AND `SourceGroup` = 20457;
INSERT INTO `conditions` (`SourceTypeOrReferenceId`, `SourceGroup`, `SourceEntry`, `SourceId`, `ElseGroup`, `ConditionTypeOrReference` ,`ConditionTarget`, `ConditionValue1`, `ConditionValue2`, `ConditionValue3`, `NegativeCondition`, `ErrorType`, `ErrorTextId`, `ScriptName`, `Comment`) VALUES
(15, 20457, 0, 0, 0, 47, 0, 44663, 0x2, 0, 0, 0, 0, '', "Script 1: Display gossip only if quest is taken");

DELETE FROM `smart_scripts` WHERE `entryorguid` = 44663 AND `source_type` = 5;
INSERT INTO `smart_scripts` (`entryorguid`,`source_type`,`id`,`link`,`event_type`,`event_phase_mask`,`event_chance`,`event_flags`,`event_param1`,`event_param2`,`event_param3`,`event_param4`,`event_param5`,`action_type`,`action_param1`,`action_param2`,`action_param3`,`action_param4`,`action_param5`,`action_param6`,`target_type`,`target_param1`,`target_param2`,`target_param3`,`target_x`,`target_y`,`target_z`,`target_o`,`comment`) VALUES
(44663, 5, 0, 0, 47, 0, 100, 0, 0, 0, 0, 0, 0, 143, 3827, 0, 0, 0, 0, 0, 7, 0, 0, 0, 0, 0, 0, 0, "On Quest Pushed - Start Conversation");

DELETE FROM `quest_template_addon` WHERE `ID` = 44663;
INSERT INTO `quest_template_addon` (`ID`, `ScriptName`) VALUES 
(44663, 'SmartQuest');

-- Creature Quest Data
DELETE FROM `creature_queststarter` WHERE `quest`=44663 AND `id` IN (101004, 114562);
INSERT INTO `creature_queststarter` (`id`, `quest`) VALUES
(101004, 44663), -- In a blink of an eye - Elerion Bladedancer
(114562, 44663); -- In a blink of an eye - Khadgars Upgraded Servant

DELETE FROM `creature_questender` WHERE `quest`=44663 AND `id`=111109;
INSERT INTO `creature_questender` (`id`, `quest`) VALUES
(111109, 44663); -- In a blink of an eye - Emissary Auldbridge

DELETE FROM `scene_template` WHERE `SceneId`=1449;
INSERT INTO `scene_template` (`SceneId`, `Flags`, `ScriptPackageID`, `ScriptName`) VALUES 
(1449, 58, 1728, '');

DELETE FROM `creature` WHERE `guid` BETWEEN @CGUID+0 AND @CGUID+13;
INSERT INTO `creature` (`guid`, `id`, `map`, `zoneId`, `areaId`, `spawnDifficulties`, `PhaseId`, `PhaseGroup`, `modelid`, `equipment_id`, `position_x`, `position_y`, `position_z`, `orientation`, `spawntimesecs`, `spawndist`, `currentwaypoint`, `curhealth`, `curmana`, `MovementType`, `npcflag`, `unit_flags`, `dynamicflags`, `VerifiedBuild`) VALUES
(@CGUID+0, 113528, 0, 41, 7881, '0', '5829', 0, 0, 0, -11069.470703125, -2046.27001953125, 750.01318359375, 5.452189445495605468, 120, 0, 0, 32360, 1534, 0, 0, 0, 0, 26972), -- 113528 (Area: 7881 - Difficulty: 0)
(@CGUID+1, 114325, 0, 41, 7881, '0', '5829', 0, 0, 0, -11074.978515625, -2052.94091796875, 749.84228515625, 5.580790519714355468, 120, 0, 0, 32360, 1534, 0, 0, 0, 0, 26972), -- 114325 (Area: 7881 - Difficulty: 0) (Auras: 79849 - 79849)
(@CGUID+2, 113528, 0, 41, 7881, '0', '5829', 0, 0, 0, -11129.8388671875, -2056.00390625, 749.20147705078125, 3.967138528823852539, 120, 0, 0, 32360, 1534, 0, 0, 0, 0, 26972), -- 113528 (Area: 7881 - Difficulty: 0)
(@CGUID+3, 114325, 0, 41, 7881, '0', '5829', 0, 0, 0, -11138.08203125, -2049.1064453125, 749.427001953125, 4.196595668792724609, 120, 0, 0, 32360, 1534, 0, 0, 0, 0, 26972), -- 114325 (Area: 7881 - Difficulty: 0) (Auras: 79849 - 79849)
(@CGUID+4, 113986, 0, 41, 7881, '0', '5829', 0, 0, 0, -11112.0419921875, -2024.96875, 747.53961181640625, 0.911045014858245849, 120, 0, 0, 517600, 304080, 0, 0, 0, 0, 26972), -- 113986 (Area: 7881 - Difficulty: 0)
(@CGUID+5, 114100, 0, 41, 7881, '0', '5829', 0, 0, 0, -11106.0419921875, -2025.71533203125, 747.53961181640625, 2.233634710311889648, 120, 0, 0, 517600, 76020, 0, 0, 0, 0, 26972), -- 114100 (Area: 7881 - Difficulty: 0)
(@CGUID+6, 114102, 0, 41, 7881, '0', '5829', 0, 0, 0, -11102.8818359375, -2021.65283203125, 747.53961181640625, 3.104544878005981445, 120, 0, 0, 14234, 11403, 0, 0, 0, 0, 26972), -- 114102 (Area: 7881 - Difficulty: 0)
(@CGUID+7, 114098, 0, 41, 7881, '0', '5829', 0, 0, 0, -11104.978515625, -2016.1353759765625, 747.53961181640625, 3.971497535705566406, 120, 0, 0, 517600, 76020, 0, 0, 0, 0, 26972), -- 114098 (Area: 7881 - Difficulty: 0)
(@CGUID+8, 114101, 0, 41, 7881, '0', '5829', 0, 0, 0, -11114.2119140625, -2019.2222900390625, 747.53961181640625, 6.1036529541015625, 120, 0, 0, 517600, 76020, 0, 0, 0, 0, 26972), -- 114101 (Area: 7881 - Difficulty: 0)
(@CGUID+9, 113528, 0, 41, 7881, '0', '5829', 0, 0, 0, -11071.693359375, -1984.2333984375, 742.74481201171875, 1.047041058540344238, 120, 0, 0, 32360, 1534, 0, 0, 0, 0, 26972), -- 113528 (Area: 7881 - Difficulty: 0) (Auras: )
(@CGUID+10, 114326, 0, 41, 7881, '0', '5829', 0, 0, 0, -11080.208984375, -1977.494140625, 742.6580810546875, 0.824182331562042236, 120, 0, 0, 32360, 1534, 0, 0, 0, 0, 26972), -- 114326 (Area: 7881 - Difficulty: 0)
(@CGUID+11, 114099, 0, 41, 7881, '0', '5829', 0, 0, 0, -11110.748046875, -2015.3211669921875, 747.53961181640625, 5.184175968170166015, 120, 0, 0, 517600, 1900500, 0, 0, 0, 0, 26972), -- 114099 (Area: 7881 - Difficulty: 0)
(@CGUID+12, 113528, 0, 41, 7881, '0', '5829', 0, 0, 0, -11150.2685546875, -1993.8604736328125, 742.4190673828125, 2.424466609954833984, 120, 0, 0, 32360, 1534, 0, 0, 0, 0, 26972), -- 113528 (Area: 7881 - Difficulty: 0) (Auras: 183111 - 183111)
(@CGUID+13, 114326, 0, 41, 7881, '0', '5829', 0, 0, 0, -11144.326171875, -1986.1279296875, 742.33489990234375, 2.606517553329467773, 120, 0, 0, 32360, 1534, 0, 0, 0, 0, 26972); -- 114326 (Area: 7881 - Difficulty: 0)

DELETE FROM `creature_addon` WHERE `guid` BETWEEN @CGUID+0 AND @CGUID+13;
INSERT INTO `creature_addon` (`guid`, `path_id`, `mount`, `bytes1`, `bytes2`, `emote`, `aiAnimKit`, `movementAnimKit`, `meleeAnimKit`, `visibilityDistanceType`, `auras`) VALUES
(@CGUID+0, 0, 0, 0, 1, 0, 0, 0, 0, 0, ''), -- 113528
(@CGUID+1, 0, 0, 0, 1, 0, 0, 0, 0, 0, '79849'), -- 114325 - 79849 - 79849
(@CGUID+2, 0, 0, 0, 1, 0, 0, 0, 0, 0, ''), -- 113528
(@CGUID+3, 0, 0, 0, 1, 0, 0, 0, 0, 0, '79849'), -- 114325 - 79849 - 79849
(@CGUID+4, 0, 0, 0, 0, 0, 0, 0, 0, 0, ''), -- 113986
(@CGUID+5, 0, 0, 0, 0, 0, 0, 0, 0, 0, ''), -- 114100
(@CGUID+6, 0, 0, 0, 0, 0, 0, 0, 0, 0, ''), -- 114102
(@CGUID+7, 0, 0, 0, 0, 0, 0, 0, 0, 0, ''), -- 114098
(@CGUID+8, 0, 0, 0, 0, 0, 0, 0, 0, 0, ''), -- 114101
(@CGUID+9, 0, 0, 0, 1, 0, 0, 0, 0, 0, ''), -- 113528
(@CGUID+10, 0, 0, 0, 1, 0, 0, 0, 0, 0, ''), -- 114326
(@CGUID+11, 0, 0, 0, 0, 0, 0, 0, 0, 0, ''), -- 114099
(@CGUID+12, 0, 0, 0, 1, 0, 0, 0, 0, 0, '183111'), -- 113528 - 183111 - 183111
(@CGUID+13, 0, 0, 0, 1, 0, 0, 0, 0, 0, ''); -- 114326

DELETE FROM `gameobject` WHERE `guid` BETWEEN @OGUID+0 AND @OGUID+266;
INSERT INTO `gameobject` (`guid`, `id`, `map`, `zoneId`, `areaId`, `spawnDifficulties`, `PhaseId`, `PhaseGroup`, `position_x`, `position_y`, `position_z`, `orientation`, `rotation0`, `rotation1`, `rotation2`, `rotation3`, `spawntimesecs`, `animprogress`, `state`, `VerifiedBuild`) VALUES
(@OGUID+0, 241969, 0, 41, 7881, '0', '5829', 0, -11043.9697265625, -2048.610107421875, 749.58026123046875, 4.456574440002441406, -0.00625562667846679, 0.00534820556640625, -0.79150962829589843, 0.611101269721984863, 120, 255, 1, 26972), -- 241969 (Area: 7881 - Difficulty: 0)
(@OGUID+1, 241957, 0, 41, 7881, '0', '5829', 0, -11057.7490234375, -2029.71728515625, 754.90155029296875, 5.619960308074951171, 0, 0, -0.32556819915771484, 0.945518553256988525, 120, 255, 1, 26972), -- 241957 (Area: 7881 - Difficulty: 0)
(@OGUID+2, 250470, 0, 41, 7881, '0', '5829', 0, -11148.7265625, -2033.686279296875, 749.12939453125, 0, -0.0000014305114746, -0.00000190734863281, 0, 1, 120, 255, 1, 26972), -- 250470 (Area: 7881 - Difficulty: 0)
(@OGUID+3, 250474, 0, 41, 7881, '0', '5829', 0, -11143.6044921875, -2033.3863525390625, 749.12939453125, 3.141592741012573242, -0.00000190734863281, 0.000000953674316406, -1, 0, 120, 255, 1, 26972), -- 250474 (Area: 7881 - Difficulty: 0)
(@OGUID+4, 250460, 0, 41, 7881, '0', '5829', 0, -11142.5380859375, -2032.988037109375, 760.1341552734375, 2.862335443496704101, -0.00000190734863281, 0.000000953674316406, 0.990267753601074218, 0.139175355434417724, 120, 255, 1, 26972), -- 250460 (Area: 7881 - Difficulty: 0)
(@OGUID+5, 250461, 0, 41, 7881, '0', '5829', 0, -11144.654296875, -2034.4891357421875, 760.1341552734375, 0.523597896099090576, -0.00000190734863281, -0.0000009536743164, 0.258818626403808593, 0.965925931930541992, 120, 255, 1, 26972), -- 250461 (Area: 7881 - Difficulty: 0)
(@OGUID+6, 250462, 0, 41, 7881, '0', '5829', 0, -11143.615234375, -2035.2059326171875, 760.1341552734375, 1.378806710243225097, -0.00000190734863281, 0, 0.636076927185058593, 0.771625697612762451, 120, 255, 1, 26972), -- 250462 (Area: 7881 - Difficulty: 0)
(@OGUID+7, 250463, 0, 41, 7881, '0', '5829', 0, -11138.7373046875, -2028.16943359375, 760.1341552734375, 2.862335443496704101, -0.00000190734863281, 0.000000953674316406, 0.990267753601074218, 0.139175355434417724, 120, 255, 1, 26972), -- 250463 (Area: 7881 - Difficulty: 0)
(@OGUID+8, 250496, 0, 41, 7881, '0', '5829', 0, -11073.7734375, -2009.0418701171875, 746.62237548828125, 0.994837164878845214, 0, 0, 0.477158546447753906, 0.878817260265350341, 120, 255, 1, 26972), -- 250496 (Area: 7881 - Difficulty: 0)
(@OGUID+9, 259336, 0, 41, 7881, '0', '5829', 0, -11052.3369140625, -2017.2947998046875, 747.76995849609375, 2.1903839111328125, 0, 0, 0.889016151428222656, 0.457875818014144897, 120, 255, 1, 26972), -- 259336 (Area: 7881 - Difficulty: 0)
(@OGUID+10, 250498, 0, 41, 7881, '0', '5829', 0, -11068.0283203125, -2022.47021484375, 746.61962890625, 6.213373661041259765, 0, 0, -0.03489875793457031, 0.999390840530395507, 120, 255, 1, 26972), -- 250498 (Area: 7881 - Difficulty: 0)
(@OGUID+11, 250499, 0, 41, 7881, '0', '5829', 0, -11067.9267578125, -2020.46240234375, 746.62237548828125, 5.497788906097412109, 0, 0, -0.38268280029296875, 0.923879802227020263, 120, 255, 1, 26972), -- 250499 (Area: 7881 - Difficulty: 0)
(@OGUID+12, 259338, 0, 41, 7881, '0', '5829', 0, -11066.8408203125, -2015.8155517578125, 757.4415283203125, 3.132858037948608398, 0, 0, 0.999990463256835937, 0.004367320332676172, 120, 255, 1, 26972), -- 259338 (Area: 7881 - Difficulty: 0)
(@OGUID+13, 250500, 0, 41, 7881, '0', '5829', 0, -11065.3740234375, -2021.50439453125, 746.60552978515625, 2.382372379302978515, 0, 0, 0.928809165954589843, 0.370558410882949829, 120, 255, 1, 26972), -- 250500 (Area: 7881 - Difficulty: 0)
(@OGUID+14, 241964, 0, 41, 7881, '0', '5829', 0, -11050.5498046875, -2021.6678466796875, 746.23809814453125, 5.916667938232421875, 0, 0, -0.18223476409912109, 0.98325502872467041, 120, 255, 1, 26972), -- 241964 (Area: 7881 - Difficulty: 0)
(@OGUID+15, 242236, 0, 41, 7881, '0', '5829', 0, -11032.49609375, -2042.3685302734375, 756.96636962890625, 4.014260292053222656, 0, 0, -0.90630722045898437, 0.422619491815567016, 120, 255, 1, 26972), -- 242236 (Area: 7881 - Difficulty: 0)
(@OGUID+16, 241945, 0, 41, 7881, '0', '5829', 0, -11052.5078125, -2024.1038818359375, 751.48785400390625, 5.593510627746582031, -0.00516700744628906, -0.00053882598876953, -0.33804893493652343, 0.941114187240600585, 120, 255, 1, 26972), -- 241945 (Area: 7881 - Difficulty: 0)
(@OGUID+17, 242218, 0, 41, 7881, '0', '5829', 0, -11026.396484375, -2009.107666015625, 741.70599365234375, 5.602506637573242187, 0, 0, -0.33380699157714843, 0.942641437053680419, 120, 255, 1, 26972), -- 242218 (Area: 7881 - Difficulty: 0)
(@OGUID+18, 254258, 0, 41, 7881, '0', '5829', 0, -11026.375, -2009.0833740234375, 746.83782958984375, 0, 0, 0, 0, 1, 120, 255, 1, 26972), -- 254258 (Area: 7881 - Difficulty: 0)
(@OGUID+19, 250215, 0, 41, 7881, '0', '5829', 0, -11078.060546875, -2017.0379638671875, 757.4342041015625, 6.143558979034423828, 0, 0, -0.06975650787353515, 0.997564077377319335, 120, 255, 1, 26972), -- 250215 (Area: 7881 - Difficulty: 0)
(@OGUID+20, 250481, 0, 41, 7881, '0', '5829', 0, -11070.2548828125, -2017.047119140625, 746.61962890625, 3.874631166458129882, 0, 0, -0.93358039855957031, 0.358368009328842163, 120, 255, 1, 26972), -- 250481 (Area: 7881 - Difficulty: 0)
(@OGUID+21, 250482, 0, 41, 7881, '0', '5829', 0, -11070.615234375, -2019.16357421875, 746.62237548828125, 1.553341388702392578, 0, 0, 0.700908660888671875, 0.713251054286956787, 120, 255, 1, 26972), -- 250482 (Area: 7881 - Difficulty: 0)
(@OGUID+22, 250483, 0, 41, 7881, '0', '5829', 0, -11072.5859375, -2018.131103515625, 746.60552978515625, 0.357791841030120849, 0, 0, 0.177943229675292968, 0.984040737152099609, 120, 255, 1, 26972), -- 250483 (Area: 7881 - Difficulty: 0)
(@OGUID+23, 250484, 0, 41, 7881, '0', '5829', 0, -11079.029296875, -2012.792724609375, 746.5570068359375, 5.183629035949707031, 0, 0, -0.52249813079833984, 0.852640450000762939, 120, 255, 1, 26972), -- 250484 (Area: 7881 - Difficulty: 0)
(@OGUID+24, 250490, 0, 41, 7881, '0', '5829', 0, -11057.0205078125, -2016.3922119140625, 746.59271240234375, 0.340337604284286499, 0, 0, 0.169348716735839843, 0.985556185245513916, 120, 255, 1, 26972), -- 250490 (Area: 7881 - Difficulty: 0)
(@OGUID+25, 250491, 0, 41, 7881, '0', '5829', 0, -11055.658203125, -2018.9505615234375, 746.59271240234375, 3.132858037948608398, 0, 0, 0.999990463256835937, 0.004367320332676172, 120, 255, 1, 26972), -- 250491 (Area: 7881 - Difficulty: 0)
(@OGUID+26, 259289, 0, 41, 7881, '0', '5829', 0, -11026.71484375, -2042.7696533203125, 748.4046630859375, 0.314158439636230468, 0, 0, 0.156434059143066406, 0.987688362598419189, 120, 255, 1, 26972), -- 259289 (Area: 7881 - Difficulty: 0)
(@OGUID+27, 259290, 0, 41, 7881, '0', '5829', 0, -11025.908203125, -2043.9130859375, 748.47412109375, 1.230455756187438964, 0, 0, 0.577144622802734375, 0.816641986370086669, 120, 255, 1, 26972), -- 259290 (Area: 7881 - Difficulty: 0)
(@OGUID+28, 259291, 0, 41, 7881, '0', '5829', 0, -11024.900390625, -2044.4656982421875, 748.47607421875, 1.003561615943908691, 0, 0, 0.480987548828125, 0.876727461814880371, 120, 255, 1, 26972), -- 259291 (Area: 7881 - Difficulty: 0)
(@OGUID+29, 259292, 0, 41, 7881, '0', '5829', 0, -11026.5576171875, -2041.3245849609375, 748.49285888671875, 5.506513595581054687, 0, 0, -0.37864875793457031, 0.925540447235107421, 120, 255, 1, 26972), -- 259292 (Area: 7881 - Difficulty: 0)
(@OGUID+30, 259335, 0, 41, 7881, '0', '5829', 0, -11051.705078125, -2010.3592529296875, 748.03948974609375, 3.23760390281677246, 0, 0, -0.99884796142578125, 0.047987140715122222, 120, 255, 1, 26972), -- 259335 (Area: 7881 - Difficulty: 0)
(@OGUID+31, 250497, 0, 41, 7881, '0', '5829', 0, -11073.2841796875, -2006.328125, 746.60552978515625, 4.162611961364746093, 0, 0, -0.87249565124511718, 0.488621890544891357, 120, 255, 1, 26972), -- 250497 (Area: 7881 - Difficulty: 0)
(@OGUID+32, 259337, 0, 41, 7881, '0', '5829', 0, -11052.388671875, -2008.169921875, 748.0374755859375, 3.560472726821899414, 0, 0, -0.97814750671386718, 0.207912087440490722, 120, 255, 1, 26972), -- 259337 (Area: 7881 - Difficulty: 0)
(@OGUID+33, 259339, 0, 41, 7881, '0', '5829', 0, -11062.7880859375, -1996.1888427734375, 757.4415283203125, 4.529129981994628906, 0, 0, -0.76884174346923828, 0.639439105987548828, 120, 255, 1, 26972), -- 259339 (Area: 7881 - Difficulty: 0)
(@OGUID+34, 241958, 0, 41, 7881, '0', '5829', 0, -11063.55078125, -1991.2645263671875, 753.1993408203125, 0.89884275197982788, 0, 0, 0.434444427490234375, 0.900698602199554443, 120, 255, 1, 26972), -- 241958 (Area: 7881 - Difficulty: 0)
(@OGUID+35, 241963, 0, 41, 7881, '0', '5829', 0, -11060.197265625, -1990.90087890625, 743.33575439453125, 4.398229122161865234, 0, 0, -0.80901718139648437, 0.587784945964813232, 120, 255, 1, 26972), -- 241963 (Area: 7881 - Difficulty: 0)
(@OGUID+36, 241966, 0, 41, 7881, '0', '5829', 0, -11170.138671875, -2033.3944091796875, 747.34796142578125, 0.27925160527229309, 0, 0, 0.139172554016113281, 0.990268170833587646, 120, 255, 1, 26972), -- 241966 (Area: 7881 - Difficulty: 0)
(@OGUID+37, 242237, 0, 41, 7881, '0', '5829', 0, -11025.3818359375, -2032.494140625, 753.15655517578125, 2.460912704467773437, 0, 0, 0.942641258239746093, 0.333807557821273803, 120, 255, 1, 26972), -- 242237 (Area: 7881 - Difficulty: 0)
(@OGUID+38, 241944, 0, 41, 7881, '0', '5829', 0, -11055.2119140625, -1997.033935546875, 751.48785400390625, 0.881277799606323242, -0.01905775070190429, -0.0114755630493164, 0.426366806030273437, 0.904276788234710693, 120, 255, 1, 26972), -- 241944 (Area: 7881 - Difficulty: 0)
(@OGUID+39, 241950, 0, 41, 7881, '0', '5829', 0, -11022.1298828125, -2026.625244140625, 746.9434814453125, 4.784850597381591796, 0, 0, -0.68102931976318359, 0.732256174087524414, 120, 255, 1, 26972), -- 241950 (Area: 7881 - Difficulty: 0)
(@OGUID+40, 242200, 0, 41, 7881, '0', '5829', 0, -10996.1767578125, -2043.5888671875, 745.37225341796875, 5.820683002471923828, 0, 0, -0.22919559478759765, 0.97338038682937622, 120, 255, 1, 26972), -- 242200 (Area: 7881 - Difficulty: 0)
(@OGUID+41, 246260, 0, 41, 7881, '0', '5829', 0, -11105.6904296875, -1987.3060302734375, 757.081787109375, 3.150327444076538085, 0, 0, -0.99999046325683593, 0.004367320332676172, 120, 255, 1, 26972), -- 246260 (Area: 7881 - Difficulty: 0)
(@OGUID+42, 246261, 0, 41, 7881, '0', '5829', 0, -11106.5634765625, -1989.0382080078125, 757.081787109375, 1.85877394676208496, 0, 0, 0.801253318786621093, 0.598325252532958984, 120, 255, 1, 26972), -- 246261 (Area: 7881 - Difficulty: 0)
(@OGUID+43, 250214, 0, 41, 7881, '0', '5829', 0, -11074.806640625, -2006.26513671875, 757.4527587890625, 0.078538097441196441, 0, 0, 0.039258956909179687, 0.999229073524475097, 120, 255, 1, 26972), -- 250214 (Area: 7881 - Difficulty: 0)
(@OGUID+44, 250480, 0, 41, 7881, '0', '5829', 0, -11067.7060546875, -1999.843505859375, 746.62237548828125, 0.645771682262420654, 0, 0, 0.317304611206054687, 0.948323667049407958, 120, 255, 1, 26972), -- 250480 (Area: 7881 - Difficulty: 0)
(@OGUID+45, 250485, 0, 41, 7881, '0', '5829', 0, -11057.2177734375, -2002.5206298828125, 746.59271240234375, 3.132858037948608398, 0, 0, 0.999990463256835937, 0.004367320332676172, 120, 255, 1, 26972), -- 250485 (Area: 7881 - Difficulty: 0)
(@OGUID+46, 250487, 0, 41, 7881, '0', '5829', 0, -11058.5498046875, -2008.03076171875, 746.59271240234375, 6.274459362030029296, 0, 0, -0.00436305999755859, 0.999990463256835937, 120, 255, 1, 26972), -- 250487 (Area: 7881 - Difficulty: 0)
(@OGUID+47, 250492, 0, 41, 7881, '0', '5829', 0, -11068.47265625, -2004.3905029296875, 746.61962890625, 1.919861555099487304, 0, 0, 0.819151878356933593, 0.573576688766479492, 120, 255, 1, 26972), -- 250492 (Area: 7881 - Difficulty: 0)
(@OGUID+48, 250493, 0, 41, 7881, '0', '5829', 0, -11071.0263671875, -2004.213623046875, 746.62237548828125, 0.296705186367034912, 0, 0, 0.147809028625488281, 0.989015936851501464, 120, 255, 1, 26972), -- 250493 (Area: 7881 - Difficulty: 0)
(@OGUID+49, 250494, 0, 41, 7881, '0', '5829', 0, -11070.603515625, -2002.923828125, 746.60552978515625, 5.785767555236816406, 0, 0, -0.24615287780761718, 0.969231009483337402, 120, 255, 1, 26972), -- 250494 (Area: 7881 - Difficulty: 0)
(@OGUID+50, 250495, 0, 41, 7881, '0', '5829', 0, -11071.7880859375, -2008.7236328125, 746.61962890625, 1.710421562194824218, 0, 0, 0.754709243774414062, 0.656059443950653076, 120, 255, 1, 26972), -- 250495 (Area: 7881 - Difficulty: 0)
(@OGUID+51, 250464, 0, 41, 7881, '0', '5829', 0, -11153.7724609375, -2010.6806640625, 760.1341552734375, 4.9218292236328125, -0.0000009536743164, -0.00000381469726562, -0.62932014465332031, 0.77714616060256958, 120, 255, 1, 26972), -- 250464 (Area: 7881 - Difficulty: 0)
(@OGUID+52, 250471, 0, 41, 7881, '0', '5829', 0, -11159.923828125, -2033.3282470703125, 749.1673583984375, 4.852017402648925781, 0, -0.00000190734863281, -0.65605831146240234, 0.754710197448730468, 120, 255, 1, 26972), -- 250471 (Area: 7881 - Difficulty: 0)
(@OGUID+53, 250472, 0, 41, 7881, '0', '5829', 0, -11160.9775390625, -2034.0228271484375, 749.1673583984375, 5.707226276397705078, -0.0000004768371582, -0.00000190734863281, -0.28401565551757812, 0.95881962776184082, 120, 255, 1, 26972), -- 250472 (Area: 7881 - Difficulty: 0)
(@OGUID+54, 250473, 0, 41, 7881, '0', '5829', 0, -11159.32421875, -2035.852783203125, 749.1673583984375, 0.907570242881774902, -0.00000238418579101, -0.0000009536743164, 0.438370704650878906, 0.898794233798980712, 120, 255, 1, 26972), -- 250473 (Area: 7881 - Difficulty: 0)
(@OGUID+55, 250477, 0, 41, 7881, '0', '5829', 0, -11066.318359375, -1997.4605712890625, 746.60552978515625, 3.81354522705078125, 0, 0, -0.94408893585205078, 0.329690933227539062, 120, 255, 1, 26972), -- 250477 (Area: 7881 - Difficulty: 0)
(@OGUID+56, 250478, 0, 41, 7881, '0', '5829', 0, -11065.7314453125, -2000.223388671875, 746.61962890625, 1.361356139183044433, 0, 0, 0.629320144653320312, 0.77714616060256958, 120, 255, 1, 26972), -- 250478 (Area: 7881 - Difficulty: 0)
(@OGUID+57, 250479, 0, 41, 7881, '0', '5829', 0, -11064.4814453125, -1998.5859375, 746.59271240234375, 3.132858037948608398, 0, 0, 0.999990463256835937, 0.004367320332676172, 120, 255, 1, 26972), -- 250479 (Area: 7881 - Difficulty: 0)
(@OGUID+58, 259293, 0, 41, 7881, '0', '5829', 0, -11018.642578125, -2036.047607421875, 748.4749755859375, 3.124123096466064453, 0, 0, 0.99996185302734375, 0.008734640665352344, 120, 255, 1, 26972), -- 259293 (Area: 7881 - Difficulty: 0)
(@OGUID+59, 259294, 0, 41, 7881, '0', '5829', 0, -11019.9697265625, -2033.6116943359375, 748.47607421875, 4.904373645782470703, 0, 0, -0.6360788345336914, 0.771624088287353515, 120, 255, 1, 26972), -- 259294 (Area: 7881 - Difficulty: 0)
(@OGUID+60, 259295, 0, 41, 7881, '0', '5829', 0, -11018.6240234375, -2034.489501953125, 748.4957275390625, 4.040439605712890625, 0, 0, -0.90069770812988281, 0.434446364641189575, 120, 255, 1, 26972), -- 259295 (Area: 7881 - Difficulty: 0)
(@OGUID+61, 250457, 0, 41, 7881, '0', '5829', 0, -11162.716796875, -2023.0184326171875, 749.19366455078125, 0.322886288166046142, -0.0000014305114746, -0.0000009536743164, 0.160742759704589843, 0.986996352672576904, 120, 255, 1, 26972), -- 250457 (Area: 7881 - Difficulty: 0)
(@OGUID+62, 250458, 0, 41, 7881, '0', '5829', 0, -11158.90234375, -2024.5283203125, 749.21929931640625, 3.141592741012573242, -0.0000014305114746, 0.000000953674316406, -1, 0, 120, 255, 1, 26972), -- 250458 (Area: 7881 - Difficulty: 0)
(@OGUID+63, 250459, 0, 41, 7881, '0', '5829', 0, -11149.7099609375, -2020.185302734375, 749.21929931640625, 3.141592741012573242, -0.0000014305114746, 0.000000953674316406, -1, 0, 120, 255, 1, 26972), -- 250459 (Area: 7881 - Difficulty: 0)
(@OGUID+64, 250436, 0, 41, 7881, '0', '5829', 0, -11017.5126953125, -2039.1590576171875, 748.4227294921875, 3.141592741012573242, 0, 0, -1, 0, 120, 255, 1, 26972), -- 250436 (Area: 7881 - Difficulty: 0)
(@OGUID+65, 250297, 0, 41, 7881, '0', '5829', 0, -10998.3486328125, -2087.422607421875, 738.4581298828125, 6.03011322021484375, 0, 0, -0.12619876861572265, 0.992004990577697753, 120, 255, 1, 26972), -- 250297 (Area: 7881 - Difficulty: 0)
(@OGUID+66, 250298, 0, 41, 7881, '0', '5829', 0, -10987.6005859375, -2080.406982421875, 738.553466796875, 4.45059061050415039, 0, 0, -0.79335308074951171, 0.608761727809906005, 120, 255, 1, 26972), -- 250298 (Area: 7881 - Difficulty: 0)
(@OGUID+67, 250299, 0, 41, 7881, '0', '5829', 0, -10990.6474609375, -2099.966064453125, 738.55810546875, 1.352629423141479492, 0, 0, 0.62592315673828125, 0.779884755611419677, 120, 255, 1, 26972), -- 250299 (Area: 7881 - Difficulty: 0)
(@OGUID+68, 246001, 0, 41, 7881, '0', '5829', 0, -10997.0712890625, -2094.3212890625, 738.70257568359375, 3.711146116256713867, 0, 0, -0.95972442626953125, 0.280943065881729125, 120, 255, 1, 26972), -- 246001 (Area: 7881 - Difficulty: 0)
(@OGUID+69, 259415, 0, 41, 7881, '0', '5829', 0, -10982.6298828125, -2080.589599609375, 708.76165771484375, 0, 0, 0, 0, 1, 120, 255, 1, 26972), -- 259415 (Area: 7881 - Difficulty: 0)
(@OGUID+70, 259416, 0, 41, 7881, '0', '5829', 0, -10980.2412109375, -2086.17822265625, 708.814208984375, 3.385940074920654296, 0, 0, -0.99254608154296875, 0.121869951486587524, 120, 255, 1, 26972), -- 259416 (Area: 7881 - Difficulty: 0)
(@OGUID+71, 259303, 0, 41, 7881, '0', '5829', 0, -11068.92578125, -1991.3416748046875, 613.17919921875, 2.452189922332763671, 0, 0, 0.941176414489746093, 0.337915599346160888, 120, 255, 1, 26972), -- 259303 (Area: 7881 - Difficulty: 0)
(@OGUID+72, 259304, 0, 41, 7881, '0', '5829', 0, -11088.759765625, -1975.34033203125, 613.20526123046875, 5.593783378601074218, 0, 0, -0.33791542053222656, 0.941176474094390869, 120, 255, 1, 26972), -- 259304 (Area: 7881 - Difficulty: 0)
(@OGUID+73, 259305, 0, 41, 7881, '0', '5829', 0, -11090.3349609375, -1980.9697265625, 613.27166748046875, 5.113816738128662109, 0, 0, -0.55193614959716796, 0.833886384963989257, 120, 255, 1, 26972), -- 259305 (Area: 7881 - Difficulty: 0)
(@OGUID+74, 259306, 0, 41, 7881, '0', '5829', 0, -11067.193359375, -1984.9688720703125, 613.21697998046875, 2.513273954391479492, 0, 0, 0.951056480407714843, 0.309017121791839599, 120, 255, 1, 26972), -- 259306 (Area: 7881 - Difficulty: 0)
(@OGUID+75, 259350, 0, 41, 7881, '0', '5829', 0, -10995.07421875, -1999.6085205078125, 742.5433349609375, 1.047195315361022949, 0.000004768371582031, 0.00000762939453125, 0.499999046325683593, 0.866025924682617187, 120, 255, 1, 26972), -- 259350 (Area: 7881 - Difficulty: 0)
(@OGUID+76, 241972, 0, 41, 7881, '0', '5829', 0, -11091.775390625, -1969.373291015625, 751.603759765625, 0.933750271797180175, 0, 0, 0.450098037719726562, 0.892979145050048828, 120, 255, 1, 26972), -- 241972 (Area: 7881 - Difficulty: 0)
(@OGUID+77, 249516, 0, 41, 7881, '0', '5829', 0, -11188.0908203125, -1896.305419921875, 718.04266357421875, 4.817109584808349609, 0, 0, -0.66913032531738281, 0.74314504861831665, 120, 255, 1, 26972), -- 249516 (Area: 7881 - Difficulty: 0)
(@OGUID+78, 241960, 0, 41, 7881, '0', '5829', 0, -11157.7646484375, -2007.8497314453125, 755.0457763671875, 2.487092971801757812, 0, 0, 0.946929931640625, 0.321440041065216064, 120, 255, 1, 26972), -- 241960 (Area: 7881 - Difficulty: 0)
(@OGUID+79, 248079, 0, 41, 7881, '0', '5829', 0, -11097.66796875, -1963.6497802734375, 751.48785400390625, 0.881275653839111328, -0.01905679702758789, -0.0114755630493164, 0.426365852355957031, 0.904277205467224121, 120, 255, 1, 26972), -- 248079 (Area: 7881 - Difficulty: 0)
(@OGUID+80, 242201, 0, 41, 7881, '0', '5829', 0, -10985.548828125, -2015.644775390625, 744.587158203125, 5.986487865447998046, 0, 0, -0.14780521392822265, 0.989016532897949218, 120, 255, 1, 26972), -- 242201 (Area: 7881 - Difficulty: 0)
(@OGUID+81, 242039, 0, 41, 7881, '0', '5829', 0, -11054.8720703125, -1960.6920166015625, 753.07037353515625, 4.031711578369140625, -0.0478520393371582, -0.02282428741455078, -0.90131568908691406, 0.429906129837036132, 120, 255, 1, 26972), -- 242039 (Area: 7881 - Difficulty: 0)
(@OGUID+82, 242043, 0, 41, 7881, '0', '5829', 0, -11021.0615234375, -1983.3433837890625, 742.7579345703125, 4.830660820007324218, 0, 0, -0.66407966613769531, 0.747661828994750976, 120, 255, 1, 26972), -- 242043 (Area: 7881 - Difficulty: 0)
(@OGUID+83, 259262, 0, 41, 7881, '0', '5829', 0, -11040.345703125, -1966.4486083984375, 743.64935302734375, 0.235617712140083312, 0, 0, 0.117536544799804687, 0.993068516254425048, 120, 255, 1, 26972), -- 259262 (Area: 7881 - Difficulty: 0)
(@OGUID+84, 246257, 0, 41, 7881, '0', '5829', 0, -11125.7236328125, -1979.938232421875, 757.04730224609375, 5.986480236053466796, 0, 0, -0.14780902862548828, 0.989015936851501464, 120, 255, 1, 26972), -- 246257 (Area: 7881 - Difficulty: 0)
(@OGUID+85, 246258, 0, 41, 7881, '0', '5829', 0, -11123.791015625, -1973.4508056640625, 757.04730224609375, 0, 0, 0, 0, 1, 120, 255, 1, 26972), -- 246258 (Area: 7881 - Difficulty: 0)
(@OGUID+86, 246262, 0, 41, 7881, '0', '5829', 0, -11113.9267578125, -1978.227294921875, 757.081787109375, 4.843289375305175781, 0, 0, -0.65934562683105468, 0.751839935779571533, 120, 255, 1, 26972), -- 246262 (Area: 7881 - Difficulty: 0)
(@OGUID+87, 259312, 0, 41, 7881, '0', '5829', 0, -11106.2001953125, -1971.33203125, 746.21356201171875, 6.222098827362060546, 0, 0, -0.03053855895996093, 0.999533593654632568, 120, 255, 1, 26972), -- 259312 (Area: 7881 - Difficulty: 0)
(@OGUID+88, 259309, 0, 41, 7881, '0', '5829', 0, -11104.1865234375, -1973.882080078125, 746.1754150390625, 1.029743075370788574, 0, 0, 0.492423057556152343, 0.870355963706970214, 120, 255, 1, 26972), -- 259309 (Area: 7881 - Difficulty: 0)
(@OGUID+89, 259310, 0, 41, 7881, '0', '5829', 0, -11105.4189453125, -1972.6466064453125, 746.18603515625, 0.994837164878845214, 0, 0, 0.477158546447753906, 0.878817260265350341, 120, 255, 1, 26972), -- 259310 (Area: 7881 - Difficulty: 0)
(@OGUID+90, 259311, 0, 41, 7881, '0', '5829', 0, -11105.5986328125, -1969.866455078125, 746.21710205078125, 5.6985015869140625, 0, 0, -0.28819561004638671, 0.957571566104888916, 120, 255, 1, 26972), -- 259311 (Area: 7881 - Difficulty: 0)
(@OGUID+91, 248516, 0, 41, 7881, '0', '5829', 0, -11003.771484375, -1979.2166748046875, 742.55206298828125, 2.391098499298095703, 0.000005722045898437, 0, 0.930417060852050781, 0.366502493619918823, 120, 255, 1, 26972), -- 248516 (Area: 7881 - Difficulty: 0)
(@OGUID+92, 242198, 0, 41, 7881, '0', '5829', 0, -10972.546875, -2047.2734375, 760.657470703125, 4.399523735046386718, 0, 0, -0.80863666534423828, 0.588308393955230712, 120, 255, 1, 26972), -- 242198 (Area: 7881 - Difficulty: 0)
(@OGUID+93, 259317, 0, 41, 7881, '0', '5829', 0, -11117.5517578125, -1968.342041015625, 746.1729736328125, 5.017822265625, 0, 0, -0.5913095474243164, 0.806444704532623291, 120, 255, 1, 26972), -- 259317 (Area: 7881 - Difficulty: 0)
(@OGUID+94, 250216, 0, 41, 7881, '0', '5829', 0, -11046.68359375, -1958.36865234375, 742.32379150390625, 3.141592741012573242, 0, 0, -1, 0, 120, 255, 1, 26972), -- 250216 (Area: 7881 - Difficulty: 0)
(@OGUID+95, 250219, 0, 41, 7881, '0', '5829', 0, -11049.0849609375, -1960.502685546875, 742.320556640625, 2.059488296508789062, 0, 0, 0.857167243957519531, 0.515038192272186279, 120, 255, 1, 26972), -- 250219 (Area: 7881 - Difficulty: 0)
(@OGUID+96, 250438, 0, 41, 7881, '0', '5829', 0, -11129.001953125, -1972.8916015625, 752.24017333984375, 2.478367090225219726, 0, 0, 0.94551849365234375, 0.325568377971649169, 120, 255, 1, 26972), -- 250438 (Area: 7881 - Difficulty: 0)
(@OGUID+97, 250300, 0, 41, 7881, '0', '5829', 0, -10979.626953125, -2092.629150390625, 738.57177734375, 2.713986396789550781, 0, 0, 0.977231025695800781, 0.212178006768226623, 120, 255, 1, 26972), -- 250300 (Area: 7881 - Difficulty: 0)
(@OGUID+98, 259347, 0, 41, 7881, '0', '5829', 0, -11023.6533203125, -1963.1673583984375, 742.31591796875, 1.466075778007507324, 0, 0, 0.669130325317382812, 0.74314504861831665, 120, 255, 1, 26972), -- 259347 (Area: 7881 - Difficulty: 0)
(@OGUID+99, 259341, 0, 41, 7881, '0', '5829', 0, -11054.6337890625, -1953.169677734375, 742.32867431640625, 3.106652259826660156, 0, 0, 0.999847412109375, 0.017469281330704689, 120, 255, 1, 26972), -- 259341 (Area: 7881 - Difficulty: 0)
(@OGUID+100, 259342, 0, 41, 7881, '0', '5829', 0, -11042.2568359375, -1945.5772705078125, 742.1595458984375, 1.012289404869079589, 0, 0, 0.484808921813964843, 0.87462007999420166, 120, 255, 1, 26972), -- 259342 (Area: 7881 - Difficulty: 0)
(@OGUID+101, 259343, 0, 41, 7881, '0', '5829', 0, -11041.908203125, -1942.107666015625, 742.17181396484375, 6.152286052703857421, 0, 0, -0.06540298461914062, 0.997858941555023193, 120, 255, 1, 26972), -- 259343 (Area: 7881 - Difficulty: 0)
(@OGUID+102, 267068, 0, 41, 7881, '0', '5829', 0, -10962.9599609375, -1989.6507568359375, 740.03997802734375, 4.380776405334472656, 0, 0, -0.81411552429199218, 0.580702960491180419, 120, 255, 1, 26972), -- 267068 (Area: 7881 - Difficulty: 0)
(@OGUID+103, 242199, 0, 41, 7881, '0', '5829', 0, -10965.7763671875, -2028.8212890625, 760.57940673828125, 1.257930517196655273, 0, 0, 0.588308334350585937, 0.808636665344238281, 120, 255, 1, 26972), -- 242199 (Area: 7881 - Difficulty: 0)
(@OGUID+104, 242202, 0, 41, 7881, '0', '5829', 0, -10968.7060546875, -2017.2010498046875, 744.383544921875, 4.311946868896484375, 0, 0, -0.83361434936523437, 0.552346885204315185, 120, 255, 1, 26972), -- 242202 (Area: 7881 - Difficulty: 0)
(@OGUID+105, 250313, 0, 41, 7881, '0', '5829', 0, -10961.43359375, -2054.42138671875, 749.57763671875, 5.934123992919921875, 0, 0, -0.1736459732055664, 0.984808146953582763, 120, 255, 1, 26972), -- 250313 (Area: 7881 - Difficulty: 0)
(@OGUID+106, 250314, 0, 41, 7881, '0', '5829', 0, -10952.609375, -2030.9097900390625, 749.57763671875, 5.934123992919921875, 0, 0, -0.1736459732055664, 0.984808146953582763, 120, 255, 1, 26972), -- 250314 (Area: 7881 - Difficulty: 0)
(@OGUID+107, 242038, 0, 41, 7881, '0', '5829', 0, -11017.6416015625, -1961.0526123046875, 747.03131103515625, 5.508478164672851562, -0.02134323120117187, 0.006275177001953125, -0.37769222259521484, 0.925663888454437255, 120, 255, 1, 26972), -- 242038 (Area: 7881 - Difficulty: 0)
(@OGUID+108, 242044, 0, 41, 7881, '0', '5829', 0, -11026.9521484375, -1944.023681640625, 739.6207275390625, 0.349065244197845458, 0, 0, 0.173647880554199218, 0.984807789325714111, 120, 255, 1, 26972), -- 242044 (Area: 7881 - Difficulty: 0)
(@OGUID+109, 242046, 0, 41, 7881, '0', '5829', 0, -11020.31640625, -1954.4332275390625, 742.22784423828125, 0.890116631984710693, 0, 0, 0.430510520935058593, 0.902585566043853759, 120, 255, 1, 26972), -- 242046 (Area: 7881 - Difficulty: 0)
(@OGUID+110, 246945, 0, 41, 7881, '0', '5829', 0, -10993.1806640625, -1967.8673095703125, 741.49462890625, 2.657790422439575195, 0, 0, 0.970884323120117187, 0.239548861980438232, 120, 255, 1, 26972), -- 246945 (Area: 7881 - Difficulty: 0)
(@OGUID+111, 250217, 0, 41, 7881, '0', '5829', 0, -11043.875, -1954.045166015625, 742.39349365234375, 3.141592741012573242, 0, 0, -1, 0, 120, 255, 1, 26972), -- 250217 (Area: 7881 - Difficulty: 0)
(@OGUID+112, 250218, 0, 41, 7881, '0', '5829', 0, -11049.783203125, -1949.3211669921875, 742.32037353515625, 4.712389945983886718, 0, 0, -0.70710659027099609, 0.707106947898864746, 120, 255, 1, 26972), -- 250218 (Area: 7881 - Difficulty: 0)
(@OGUID+113, 258328, 0, 41, 7881, '0', '5829', 0, -10975.5888671875, -1974.822998046875, 740.67041015625, 5.806653022766113281, 0, 0, -0.23601818084716796, 0.971748650074005126, 120, 255, 1, 26972), -- 258328 (Area: 7881 - Difficulty: 0)
(@OGUID+114, 258329, 0, 41, 7881, '0', '5829', 0, -10976.7958984375, -1989.516845703125, 741.05377197265625, 0.473145335912704467, 0, 0, 0.234372138977050781, 0.972146928310394287, 120, 255, 1, 26972), -- 258329 (Area: 7881 - Difficulty: 0)
(@OGUID+115, 242051, 0, 41, 7881, '0', '5829', 0, -10998.4931640625, -1950.1392822265625, 753.06793212890625, 3.071766138076782226, 0, 0, 0.999390602111816406, 0.034906134009361267, 120, 255, 1, 26972), -- 242051 (Area: 7881 - Difficulty: 0)
(@OGUID+116, 259143, 0, 41, 7881, '0', '5829', 0, -11031.125, -1955.592041015625, 742.31591796875, 0.900191903114318847, 0, 0, 0.435051918029785156, 0.900405406951904296, 120, 255, 1, 26972), -- 259143 (Area: 7881 - Difficulty: 0)
(@OGUID+117, 259344, 0, 41, 7881, '0', '5829', 0, -11043.21875, -1941.65283203125, 742.17596435546875, 5.907940864562988281, 0, 0, -0.1865234375, 0.982450485229492187, 120, 255, 1, 26972), -- 259344 (Area: 7881 - Difficulty: 0)
(@OGUID+118, 259348, 0, 41, 7881, '0', '5829', 0, -10981.064453125, -1948.2110595703125, 741.5777587890625, 2.827612638473510742, -0.00000572204589843, -0.00000190734863281, 0.987702369689941406, 0.156345903873443603, 120, 255, 1, 26972), -- 259348 (Area: 7881 - Difficulty: 0)
(@OGUID+119, 259334, 0, 41, 7881, '0', '5829', 0, -11071.9873046875, -1939.3585205078125, 741.14239501953125, 3.141592741012573242, 0, 0, -1, 0, 120, 255, 1, 26972), -- 259334 (Area: 7881 - Difficulty: 0)
(@OGUID+120, 250320, 0, 41, 7881, '0', '5829', 0, -10944.958984375, -2062.59375, 749.71295166015625, 2.356194972991943359, 0, 0, 0.923879623413085937, 0.382683247327804565, 120, 255, 1, 26972), -- 250320 (Area: 7881 - Difficulty: 0)
(@OGUID+121, 250321, 0, 41, 7881, '0', '5829', 0, -10947.5087890625, -2063.492919921875, 749.71295166015625, 1.352631807327270507, 0, 0, 0.625924110412597656, 0.779883980751037597, 120, 255, 1, 26972), -- 250321 (Area: 7881 - Difficulty: 0)
(@OGUID+122, 250322, 0, 41, 7881, '0', '5829', 0, -10946.806640625, -2030.5963134765625, 749.71209716796875, 0.375248432159423828, 0, 0, 0.186525344848632812, 0.982450127601623535, 120, 255, 1, 26972), -- 250322 (Area: 7881 - Difficulty: 0)
(@OGUID+123, 250323, 0, 41, 7881, '0', '5829', 0, -10937.173828125, -2032.7108154296875, 749.71209716796875, 5.489064693450927734, 0, 0, -0.38670921325683593, 0.922201693058013916, 120, 255, 1, 26972), -- 250323 (Area: 7881 - Difficulty: 0)
(@OGUID+124, 242037, 0, 41, 7881, '0', '5829', 0, -11061.291015625, -1932.88916015625, 746.157958984375, 5.665252208709716796, -0.02176904678344726, 0.004584312438964843, -0.304046630859375, 0.952397346496582031, 120, 255, 1, 26972), -- 242037 (Area: 7881 - Difficulty: 0)
(@OGUID+125, 250317, 0, 41, 7881, '0', '5829', 0, -10956.7939453125, -2060.124267578125, 749.71295166015625, 0.375248432159423828, 0, 0, 0.186525344848632812, 0.982450127601623535, 120, 255, 1, 26972), -- 250317 (Area: 7881 - Difficulty: 0)
(@OGUID+126, 250318, 0, 41, 7881, '0', '5829', 0, -10955.3076171875, -2058.254150390625, 749.71209716796875, 4.511681079864501953, 0, 0, -0.77439117431640625, 0.632707118988037109, 120, 255, 1, 26972), -- 250318 (Area: 7881 - Difficulty: 0)
(@OGUID+127, 242040, 0, 41, 7881, '0', '5829', 0, -11072.779296875, -1948.0809326171875, 740.45416259765625, 4.527156829833984375, 0, 0, -0.76947212219238281, 0.63868039846420288, 120, 255, 1, 26972), -- 242040 (Area: 7881 - Difficulty: 0)
(@OGUID+128, 250319, 0, 41, 7881, '0', '5829', 0, -10944.111328125, -2029.3741455078125, 749.7120361328125, 4.511681079864501953, 0, 0, -0.77439117431640625, 0.632707118988037109, 120, 255, 1, 26972), -- 250319 (Area: 7881 - Difficulty: 0)
(@OGUID+129, 242041, 0, 41, 7881, '0', '5829', 0, -11077.9462890625, -1940.163330078125, 752.63824462890625, 4.031712055206298828, 0, 0, -0.90258502960205078, 0.430511653423309326, 120, 255, 1, 26972), -- 242041 (Area: 7881 - Difficulty: 0)
(@OGUID+130, 242045, 0, 41, 7881, '0', '5829', 0, -11040.35546875, -1935.14013671875, 751.381103515625, 1.850045680999755859, 0, 0, 0.798634529113769531, 0.601816356182098388, 120, 255, 1, 26972), -- 242045 (Area: 7881 - Difficulty: 0)
(@OGUID+131, 245663, 0, 41, 7881, '0', '5829', 0, -10993.3583984375, -1936.4327392578125, 741.234619140625, 4.572763919830322265, 0, 0, -0.75470924377441406, 0.656059443950653076, 120, 255, 1, 26972), -- 245663 (Area: 7881 - Difficulty: 0)
(@OGUID+132, 258330, 0, 41, 7881, '0', '5829', 0, -10960.009765625, -1966.3328857421875, 740.09613037109375, 4.671824932098388671, 0, 0, -0.72130203247070312, 0.692620694637298583, 120, 255, 1, 26972), -- 258330 (Area: 7881 - Difficulty: 0)
(@OGUID+133, 242052, 0, 41, 7881, '0', '5829', 0, -11001.3134765625, -1940.6007080078125, 740.58807373046875, 4.527156829833984375, 0, 0, -0.76947212219238281, 0.63868039846420288, 120, 255, 1, 26972), -- 242052 (Area: 7881 - Difficulty: 0)
(@OGUID+134, 242118, 0, 41, 7881, '0', '5829', 0, -10966.806640625, -1972.365478515625, 740.0440673828125, 5.22487640380859375, 0, 0, -0.50480365753173828, 0.863234221935272216, 120, 255, 1, 26972), -- 242118 (Area: 7881 - Difficulty: 0)
(@OGUID+135, 245832, 0, 41, 7881, '0', '5829', 0, -10938.826171875, -2025.80859375, 755.36993408203125, 4.361185550689697265, 0.026596546173095703, 0.018580436706542968, -0.81933307647705078, 0.572399079799652099, 120, 255, 1, 26972), -- 245832 (Area: 7881 - Difficulty: 0)
(@OGUID+136, 245833, 0, 41, 7881, '0', '5829', 0, -10953.44140625, -2067.129638671875, 755.3529052734375, 1.222886562347412109, -0.01862430572509765, 0.0265655517578125, 0.573747634887695312, 0.818389296531677246, 120, 255, 1, 26972), -- 245833 (Area: 7881 - Difficulty: 0)
(@OGUID+137, 259349, 0, 41, 7881, '0', '5829', 0, -10972.533203125, -1947.24755859375, 749.55035400390625, 3.499390363693237304, 0.000000476837158203, 0, -0.9840402603149414, 0.177946031093597412, 120, 255, 1, 26972), -- 259349 (Area: 7881 - Difficulty: 0)
(@OGUID+138, 250324, 0, 41, 7881, '0', '5829', 0, -10935.591796875, -2033.115234375, 749.71209716796875, 4.485499858856201171, 0, 0, -0.78260707855224609, 0.622515976428985595, 120, 255, 1, 26972), -- 250324 (Area: 7881 - Difficulty: 0)
(@OGUID+139, 250315, 0, 41, 7881, '0', '5829', 0, -10930.763671875, -2036.519287109375, 749.57763671875, 4.372055530548095703, 0, 0, -0.81663990020751953, 0.577147483825683593, 120, 255, 1, 26972), -- 250315 (Area: 7881 - Difficulty: 0)
(@OGUID+140, 250316, 0, 41, 7881, '0', '5829', 0, -10940.4638671875, -2064.077392578125, 749.5784912109375, 1.247912406921386718, 0, 0, 0.584250450134277343, 0.811573445796966552, 120, 255, 1, 26972), -- 250316 (Area: 7881 - Difficulty: 0)
(@OGUID+141, 242047, 0, 41, 7881, '0', '5829', 0, -11040.1923828125, -1921.5491943359375, 738.870849609375, 3.621229171752929687, 0, 0, -0.97138118743896484, 0.237525999546051025, 120, 255, 1, 26972), -- 242047 (Area: 7881 - Difficulty: 0)
(@OGUID+142, 245661, 0, 41, 7881, '0', '5829', 0, -10981.2255859375, -1931.5792236328125, 741.22796630859375, 3.028127431869506835, 0, 0, 0.998391151428222656, 0.056702151894569396, 120, 255, 1, 26972), -- 245661 (Area: 7881 - Difficulty: 0)
(@OGUID+143, 245662, 0, 41, 7881, '0', '5829', 0, -10987.7216796875, -1929.73291015625, 741.15447998046875, 2.050757884979248046, 0, 0, 0.854910850524902343, 0.518774926662445068, 120, 255, 1, 26972), -- 245662 (Area: 7881 - Difficulty: 0)
(@OGUID+144, 242054, 0, 41, 7881, '0', '5829', 0, -10996.8662109375, -1932.2498779296875, 750.03607177734375, 3.071766138076782226, 0, 0, 0.999390602111816406, 0.034906134009361267, 120, 255, 1, 26972), -- 242054 (Area: 7881 - Difficulty: 0)
(@OGUID+145, 242123, 0, 41, 7881, '0', '5829', 0, -10940.279296875, -1984.7371826171875, 740.96563720703125, 3.598143339157104492, 0, 0, -0.97405815124511718, 0.226297810673713684, 120, 255, 1, 26972), -- 242123 (Area: 7881 - Difficulty: 0)
(@OGUID+146, 242230, 0, 41, 7881, '0', '5829', 0, -10968.244140625, -2101.55078125, 765.8470458984375, 4.197207450866699218, 0, 0, -0.86391353607177734, 0.503640174865722656, 120, 255, 1, 26972), -- 242230 (Area: 7881 - Difficulty: 0)
(@OGUID+147, 259345, 0, 41, 7881, '0', '5829', 0, -11006.0927734375, -1912.4248046875, 740.1260986328125, 1.335174322128295898, 0, 0, 0.619092941284179687, 0.785317718982696533, 120, 255, 1, 26972), -- 259345 (Area: 7881 - Difficulty: 0)
(@OGUID+148, 259346, 0, 41, 7881, '0', '5829', 0, -11000.888671875, -1912.981201171875, 740.1187744140625, 2.495818138122558593, 0, 0, 0.948323249816894531, 0.317305892705917358, 120, 255, 1, 26972), -- 259346 (Area: 7881 - Difficulty: 0)
(@OGUID+149, 242049, 0, 41, 7881, '0', '5829', 0, -11029.4208984375, -1918.8076171875, 750.93780517578125, 4.904376029968261718, 0, 0, -0.636077880859375, 0.771624863147735595, 120, 255, 1, 26972), -- 242049 (Area: 7881 - Difficulty: 0)
(@OGUID+150, 242050, 0, 41, 7881, '0', '5829', 0, -11008.578125, -1916.11083984375, 752.3822021484375, 4.468043327331542968, 0, 0, -0.7880105972290039, 0.615661680698394775, 120, 255, 1, 26972), -- 242050 (Area: 7881 - Difficulty: 0)
(@OGUID+151, 242229, 0, 41, 7881, '0', '5829', 0, -10960.1767578125, -2105.62158203125, 765.8470458984375, 4.197207450866699218, 0, 0, -0.86391353607177734, 0.503640174865722656, 120, 255, 1, 26972), -- 242229 (Area: 7881 - Difficulty: 0)
(@OGUID+152, 259392, 0, 41, 7881, '0', '5829', 0, -10938.3037109375, -2112.45751953125, 760.13946533203125, 1.692966461181640625, 0, 0, 0.74895477294921875, 0.662621140480041503, 120, 255, 1, 26972), -- 259392 (Area: 7881 - Difficulty: 0)
(@OGUID+153, 259391, 0, 41, 7881, '0', '5829', 0, -10938.337890625, -2118.831298828125, 760.18115234375, 1.692966461181640625, 0, 0, 0.74895477294921875, 0.662621140480041503, 120, 255, 1, 26972), -- 259391 (Area: 7881 - Difficulty: 0)
(@OGUID+154, 260236, 0, 41, 7881, '0', '5829', 0, -10924.0751953125, -2116.24267578125, 759.56024169921875, 4.764749526977539062, 0, 0, -0.6883544921875, 0.725374460220336914, 120, 255, 1, 26972), -- 260236 (Area: 7881 - Difficulty: 0)
(@OGUID+155, 242042, 0, 41, 7881, '0', '5829', 0, -11083.861328125, -1937.4539794921875, 739.9737548828125, 3.822272777557373046, 0, 0, -0.94264125823974609, 0.333807557821273803, 120, 255, 1, 26972), -- 242042 (Area: 7881 - Difficulty: 0)
(@OGUID+156, 242048, 0, 41, 7881, '0', '5829', 0, -11048.806640625, -1920.6016845703125, 750.29241943359375, 5.130955219268798828, -0.01006698608398437, -0.01926326751708984, -0.54460430145263671, 0.838411450386047363, 120, 255, 1, 26972), -- 242048 (Area: 7881 - Difficulty: 0)
(@OGUID+157, 241953, 0, 41, 7881, '0', '5829', 0, -11184.98046875, -2050.748779296875, 754.7540283203125, 0.881389737129211425, 0, 0, 0.426568031311035156, 0.904455482959747314, 120, 255, 1, 26972), -- 241953 (Area: 7881 - Difficulty: 0)
(@OGUID+158, 259296, 0, 41, 7881, '0', '5829', 0, -11197.5419921875, -2066.986328125, 747.63568115234375, 1.195548772811889648, 0, 0, 0.562804222106933593, 0.826590240001678466, 120, 255, 1, 26972), -- 259296 (Area: 7881 - Difficulty: 0)
(@OGUID+159, 242132, 0, 41, 7881, '0', '5829', 0, -11225.013671875, -2039.9686279296875, 755.3912353515625, 0.628316879272460937, 0, 0, 0.309016227722167968, 0.95105677843093872, 120, 255, 1, 26972), -- 242132 (Area: 7881 - Difficulty: 0)
(@OGUID+160, 241968, 0, 41, 7881, '0', '5829', 0, -11188.6708984375, -1993.8455810546875, 745.40167236328125, 4.363151073455810546, 0, 0, -0.81920146942138671, 0.573505878448486328, 120, 255, 1, 26972), -- 241968 (Area: 7881 - Difficulty: 0)
(@OGUID+161, 241961, 0, 41, 7881, '0', '5829', 0, -11178.8203125, -1989.4219970703125, 752.58111572265625, 5.602506637573242187, 0, 0, -0.33380699157714843, 0.942641437053680419, 120, 255, 1, 26972), -- 241961 (Area: 7881 - Difficulty: 0)
(@OGUID+162, 242131, 0, 41, 7881, '0', '5829', 0, -11228.33984375, -2030.4375, 746.26214599609375, 4.0364227294921875, 0, 0, -0.90156841278076171, 0.432636559009552001, 120, 255, 1, 26972), -- 242131 (Area: 7881 - Difficulty: 0)
(@OGUID+163, 250518, 0, 41, 7881, '0', '5829', 0, -11192.931640625, -1984.9771728515625, 745.5977783203125, 0.733036220073699951, 0, 0, 0.358366966247558593, 0.93358081579208374, 120, 255, 1, 26972), -- 250518 (Area: 7881 - Difficulty: 0)
(@OGUID+164, 250519, 0, 41, 7881, '0', '5829', 0, -11190.9658203125, -1984.90380859375, 745.5977783203125, 2.504543066024780273, 0, 0, 0.949698448181152343, 0.313165903091430664, 120, 255, 1, 26972), -- 250519 (Area: 7881 - Difficulty: 0)
(@OGUID+165, 250520, 0, 41, 7881, '0', '5829', 0, -11191.1318359375, -1983.51416015625, 745.5977783203125, 3.848450660705566406, 0, 0, -0.93819141387939453, 0.346116840839385986, 120, 255, 1, 26972), -- 250520 (Area: 7881 - Difficulty: 0)
(@OGUID+166, 241952, 0, 41, 7881, '0', '5829', 0, -11168.01171875, -1974.4921875, 742.9656982421875, 4.363151073455810546, 0, 0, -0.81920146942138671, 0.573505878448486328, 120, 255, 1, 26972), -- 241952 (Area: 7881 - Difficulty: 0)
(@OGUID+167, 241965, 0, 41, 7881, '0', '5829', 0, -11172.3662109375, -1979.9056396484375, 743.7147216796875, 5.785767555236816406, 0, 0, -0.24615287780761718, 0.969231009483337402, 120, 255, 1, 26972), -- 241965 (Area: 7881 - Difficulty: 0)
(@OGUID+168, 258327, 0, 41, 7881, '0', '5829', 0, -11131.7939453125, -1972.4073486328125, 742.668701171875, 2.495818138122558593, 0, 0, 0.948323249816894531, 0.317305892705917358, 120, 255, 1, 26972), -- 258327 (Area: 7881 - Difficulty: 0)
(@OGUID+169, 250476, 0, 41, 7881, '0', '5829', 0, -11239.259765625, -2054.1591796875, 747.27001953125, 5.35816192626953125, -0.0000009536743164, 0, -0.446197509765625, 0.894934535026550292, 120, 255, 1, 26972), -- 250476 (Area: 7881 - Difficulty: 0)
(@OGUID+170, 250504, 0, 41, 7881, '0', '5829', 0, -11195.95703125, -1975.18212890625, 744.7794189453125, 3.569199085235595703, 0, 0, -0.97723102569580078, 0.212178006768226623, 120, 255, 1, 26972), -- 250504 (Area: 7881 - Difficulty: 0)
(@OGUID+171, 250505, 0, 41, 7881, '0', '5829', 0, -11197.326171875, -1973.663330078125, 744.7794189453125, 5.052727699279785156, 0, 0, -0.57714557647705078, 0.81664133071899414, 120, 255, 1, 26972), -- 250505 (Area: 7881 - Difficulty: 0)
(@OGUID+172, 250506, 0, 41, 7881, '0', '5829', 0, -11193.3134765625, -1968.252197265625, 744.7794189453125, 5.907938957214355468, 0, 0, -0.1865243911743164, 0.982450306415557861, 120, 255, 1, 26972), -- 250506 (Area: 7881 - Difficulty: 0)
(@OGUID+173, 250507, 0, 41, 7881, '0', '5829', 0, -11192.033203125, -1968.0406494140625, 744.7794189453125, 4.424411773681640625, 0, 0, -0.80125331878662109, 0.598325252532958984, 120, 255, 1, 26972), -- 250507 (Area: 7881 - Difficulty: 0)
(@OGUID+174, 250508, 0, 41, 7881, '0', '5829', 0, -11191.7021484375, -1970.078369140625, 744.7794189453125, 1.658061861991882324, 0, 0, 0.737277030944824218, 0.67559051513671875, 120, 255, 1, 26972), -- 250508 (Area: 7881 - Difficulty: 0)
(@OGUID+175, 241943, 0, 41, 7881, '0', '5829', 0, -11124.9033203125, -1966.4176025390625, 751.48785400390625, 2.451913833618164062, 0.000538825988769531, -0.00516700744628906, 0.941113471984863281, 0.338050931692123413, 120, 255, 1, 26972), -- 241943 (Area: 7881 - Difficulty: 0)
(@OGUID+176, 250453, 0, 41, 7881, '0', '5829', 0, -11243.9248046875, -2035.3336181640625, 747.1650390625, 5.044002056121826171, 0, 0, -0.58070278167724609, 0.814115643501281738, 120, 255, 1, 26972), -- 250453 (Area: 7881 - Difficulty: 0)
(@OGUID+177, 250454, 0, 41, 7881, '0', '5829', 0, -11248.576171875, -2038.1461181640625, 747.19580078125, 0.034906249493360519, 0, 0, 0.017452239990234375, 0.999847710132598876, 120, 255, 1, 26972), -- 250454 (Area: 7881 - Difficulty: 0)
(@OGUID+178, 250456, 0, 41, 7881, '0', '5829', 0, -11244.681640625, -2017.409912109375, 747.0269775390625, 3.141592741012573242, 0, 0, -1, 0, 120, 255, 1, 26972), -- 250456 (Area: 7881 - Difficulty: 0)
(@OGUID+179, 242129, 0, 41, 7881, '0', '5829', 0, -11240.681640625, -2013.812744140625, 754.02227783203125, 0.287977516651153564, 0, 0, 0.143491744995117187, 0.989651501178741455, 120, 255, 1, 26972), -- 242129 (Area: 7881 - Difficulty: 0)
(@OGUID+180, 242130, 0, 41, 7881, '0', '5829', 0, -11237.484375, -2028.8804931640625, 754.24139404296875, 0.506144583225250244, 0, 0, 0.250379562377929687, 0.968147754669189453, 120, 255, 1, 26972), -- 242130 (Area: 7881 - Difficulty: 0)
(@OGUID+181, 250501, 0, 41, 7881, '0', '5829', 0, -11203.6259765625, -1970.719482421875, 744.8092041015625, 4.895649909973144531, 0, 0, -0.63943862915039062, 0.768842101097106933, 120, 255, 1, 26972), -- 250501 (Area: 7881 - Difficulty: 0)
(@OGUID+182, 250502, 0, 41, 7881, '0', '5829', 0, -11201.669921875, -1970.976806640625, 744.7794189453125, 2.993224143981933593, 0, 0, 0.997249603271484375, 0.074116282165050506, 120, 255, 1, 26972), -- 250502 (Area: 7881 - Difficulty: 0)
(@OGUID+183, 250503, 0, 41, 7881, '0', '5829', 0, -11203.3720703125, -1971.964599609375, 744.82257080078125, 1.221729278564453125, 0, 0, 0.573575973510742187, 0.819152355194091796, 120, 255, 1, 26972), -- 250503 (Area: 7881 - Difficulty: 0)
(@OGUID+184, 242125, 0, 41, 7881, '0', '5829', 0, -11217.1318359375, -1979.21728515625, 744.70623779296875, 4.0364227294921875, 0, 0, -0.90156841278076171, 0.432636559009552001, 120, 255, 1, 26972), -- 242125 (Area: 7881 - Difficulty: 0)
(@OGUID+185, 242126, 0, 41, 7881, '0', '5829', 0, -11222.2958984375, -1978.4127197265625, 745.209228515625, 5.742135047912597656, 0, 0, -0.26723766326904296, 0.96363067626953125, 120, 255, 1, 26972), -- 242126 (Area: 7881 - Difficulty: 0)
(@OGUID+186, 250515, 0, 41, 7881, '0', '5829', 0, -11198.6787109375, -1964.6787109375, 744.7794189453125, 6.248279094696044921, 0, 0, -0.01745223999023437, 0.999847710132598876, 120, 255, 1, 26972), -- 250515 (Area: 7881 - Difficulty: 0)
(@OGUID+187, 250516, 0, 41, 7881, '0', '5829', 0, -11197.212890625, -1965.9918212890625, 744.7794189453125, 1.736601948738098144, 0, 0, 0.763232231140136718, 0.646124243736267089, 120, 255, 1, 26972), -- 250516 (Area: 7881 - Difficulty: 0)
(@OGUID+188, 250517, 0, 41, 7881, '0', '5829', 0, -11196.3671875, -1964.876953125, 744.7794189453125, 3.080448389053344726, 0, 0, 0.999532699584960937, 0.030567342415452003, 120, 255, 1, 26972), -- 250517 (Area: 7881 - Difficulty: 0)
(@OGUID+189, 250524, 0, 41, 7881, '0', '5829', 0, -11208.666015625, -1966.0341796875, 744.79095458984375, 1.343901276588439941, 0, 0, 0.622513771057128906, 0.78260880708694458, 120, 255, 1, 26972), -- 250524 (Area: 7881 - Difficulty: 0)
(@OGUID+190, 250526, 0, 41, 7881, '0', '5829', 0, -11207.119140625, -1965.273193359375, 744.7952880859375, 2.111847877502441406, 0, 0, 0.870355606079101562, 0.492423713207244873, 120, 255, 1, 26972), -- 250526 (Area: 7881 - Difficulty: 0)
(@OGUID+191, 250455, 0, 41, 7881, '0', '5829', 0, -11246.6943359375, -2011.585205078125, 747.0269775390625, 3.141592741012573242, 0, 0, -1, 0, 120, 255, 1, 26972), -- 250455 (Area: 7881 - Difficulty: 0)
(@OGUID+192, 250521, 0, 41, 7881, '0', '5829', 0, -11210.8681640625, -1957.87060546875, 752.8026123046875, 3.499390363693237304, 0, 0, -0.9840402603149414, 0.177946031093597412, 120, 255, 1, 26972), -- 250521 (Area: 7881 - Difficulty: 0)
(@OGUID+193, 250523, 0, 41, 7881, '0', '5829', 0, -11213.0791015625, -1958.572021484375, 752.8026123046875, 0.331610709428787231, 0, 0, 0.16504669189453125, 0.986285746097564697, 120, 255, 1, 26972), -- 250523 (Area: 7881 - Difficulty: 0)
(@OGUID+194, 250525, 0, 41, 7881, '0', '5829', 0, -11211.33984375, -1966.1304931640625, 744.79412841796875, 0.977383077144622802, 0, 0, 0.469470977783203125, 0.882947921752929687, 120, 255, 1, 26972), -- 250525 (Area: 7881 - Difficulty: 0)
(@OGUID+195, 250527, 0, 41, 7881, '0', '5829', 0, -11203.2119140625, -1960.5054931640625, 744.7952880859375, 1.919861555099487304, 0, 0, 0.819151878356933593, 0.573576688766479492, 120, 255, 1, 26972), -- 250527 (Area: 7881 - Difficulty: 0)
(@OGUID+196, 250509, 0, 41, 7881, '0', '5829', 0, -11217.9921875, -1963.8958740234375, 752.78717041015625, 5.558874130249023437, 0, 0, -0.35429096221923828, 0.935135245323181152, 120, 255, 1, 26972), -- 250509 (Area: 7881 - Difficulty: 0)
(@OGUID+197, 250510, 0, 41, 7881, '0', '5829', 0, -11216.716796875, -1964.134765625, 752.78717041015625, 4.075345039367675781, 0, 0, -0.89297866821289062, 0.450098991394042968, 120, 255, 1, 26972), -- 250510 (Area: 7881 - Difficulty: 0)
(@OGUID+198, 250511, 0, 41, 7881, '0', '5829', 0, -11217.103515625, -1966.162841796875, 752.7872314453125, 1.308995485305786132, 0, 0, 0.608760833740234375, 0.793353796005249023, 120, 255, 1, 26972), -- 250511 (Area: 7881 - Difficulty: 0)
(@OGUID+199, 259287, 0, 41, 7881, '0', '5829', 0, -11172.8798828125, -1951.1630859375, 789.44317626953125, 2.291762113571166992, 0, 0, 0.911073684692382812, 0.412243574857711791, 120, 255, 1, 26972), -- 259287 (Area: 7881 - Difficulty: 0)
(@OGUID+200, 250528, 0, 41, 7881, '0', '5829', 0, -11203.3642578125, -1958.3529052734375, 744.7952880859375, 4.45059061050415039, 0, 0, -0.79335308074951171, 0.608761727809906005, 120, 255, 1, 26972), -- 250528 (Area: 7881 - Difficulty: 0)
(@OGUID+201, 242127, 0, 41, 7881, '0', '5829', 0, -11245.828125, -1973.5128173828125, 762.02325439453125, 1.204274892807006835, 0, 0, 0.566405296325683593, 0.824126839637756347, 120, 255, 1, 26972), -- 242127 (Area: 7881 - Difficulty: 0)
(@OGUID+202, 250512, 0, 41, 7881, '0', '5829', 0, -11205.94921875, -1952.283203125, 752.78717041015625, 2.417279243469238281, 0, 0, 0.9351348876953125, 0.354291886091232299, 120, 255, 1, 26972), -- 250512 (Area: 7881 - Difficulty: 0)
(@OGUID+203, 250513, 0, 41, 7881, '0', '5829', 0, -11207.2236328125, -1952.044189453125, 752.78717041015625, 0.933750271797180175, 0, 0, 0.450098037719726562, 0.892979145050048828, 120, 255, 1, 26972), -- 250513 (Area: 7881 - Difficulty: 0)
(@OGUID+204, 250514, 0, 41, 7881, '0', '5829', 0, -11206.837890625, -1950.01611328125, 752.7872314453125, 4.45059061050415039, 0, 0, -0.79335308074951171, 0.608761727809906005, 120, 255, 1, 26972), -- 250514 (Area: 7881 - Difficulty: 0)
(@OGUID+205, 250522, 0, 41, 7881, '0', '5829', 0, -11212.724609375, -1957.2181396484375, 752.8026123046875, 5.270895957946777343, 0, 0, -0.48480892181396484, 0.87462007999420166, 120, 255, 1, 26972), -- 250522 (Area: 7881 - Difficulty: 0)
(@OGUID+206, 259435, 0, 41, 7881, '0', '5829', 0, -11157.951171875, -1948.9720458984375, 717.590576171875, 0.890114545822143554, 0, 0, 0.430509567260742187, 0.902585983276367187, 120, 255, 1, 26972), -- 259435 (Area: 7881 - Difficulty: 0)
(@OGUID+207, 259286, 0, 41, 7881, '0', '5829', 0, -11172.087890625, -1948.170654296875, 789.44317626953125, 3.426239252090454101, 0, 0, -0.98988914489746093, 0.141843184828758239, 120, 255, 1, 26972), -- 259286 (Area: 7881 - Difficulty: 0)
(@OGUID+208, 259288, 0, 41, 7881, '0', '5829', 0, -11174.3291015625, -1946.208740234375, 789.44317626953125, 4.560694694519042968, 0, 0, -0.75865459442138671, 0.651493072509765625, 120, 255, 1, 26972), -- 259288 (Area: 7881 - Difficulty: 0)
(@OGUID+209, 242128, 0, 41, 7881, '0', '5829', 0, -11253.578125, -1991.5753173828125, 761.9451904296875, 4.345870018005371093, 0, 0, -0.82412624359130859, 0.566406130790710449, 120, 255, 1, 26972), -- 242128 (Area: 7881 - Difficulty: 0)
(@OGUID+210, 259351, 0, 41, 7881, '0', '5829', 0, -11227.859375, -1958.43212890625, 752.354736328125, 2.234017848968505859, 0, 0, 0.898793220520019531, 0.438372820615768432, 120, 255, 1, 26972), -- 259351 (Area: 7881 - Difficulty: 0)
(@OGUID+211, 259384, 0, 41, 7881, '0', '5829', 0, -11167.974609375, -1938.4375, 755.9912109375, 1.169370889663696289, 0, 0, 0.551937103271484375, 0.833885729312896728, 120, 255, 1, 26972), -- 259384 (Area: 7881 - Difficulty: 0)
(@OGUID+212, 259438, 0, 41, 7881, '0', '5829', 0, -11155.4306640625, -1938.5284423828125, 717.58636474609375, 4.040439605712890625, 0, 0, -0.90069770812988281, 0.434446364641189575, 120, 255, 1, 26972), -- 259438 (Area: 7881 - Difficulty: 0)
(@OGUID+213, 259834, 0, 41, 7881, '0', '5829', 0, -11217.7431640625, -1941.0399169921875, 742.0401611328125, 5.593780994415283203, 0, 0, -0.33791637420654296, 0.941176116466522216, 120, 255, 1, 26972), -- 259834 (Area: 7881 - Difficulty: 0)
(@OGUID+214, 250302, 0, 41, 7881, '0', '5829', 0, -11266.6044921875, -1988.889892578125, 750.956298828125, 2.72271275520324707, 0, 0, 0.978147506713867187, 0.207912087440490722, 120, 255, 1, 26972), -- 250302 (Area: 7881 - Difficulty: 0)
(@OGUID+215, 246002, 0, 41, 7881, '0', '5829', 0, -11200.841796875, -1935.623291015625, 740.81304931640625, 0, 0, 0, 0, 1, 120, 255, 1, 26972), -- 246002 (Area: 7881 - Difficulty: 0)
(@OGUID+216, 259381, 0, 41, 7881, '0', '5829', 0, -11166.599609375, -1937.967529296875, 755.9552001953125, 3.202674627304077148, 0, 0, -0.99953365325927734, 0.030536126345396041, 120, 255, 1, 26972), -- 259381 (Area: 7881 - Difficulty: 0)
(@OGUID+217, 259382, 0, 41, 7881, '0', '5829', 0, -11167.7119140625, -1935.7130126953125, 756.0101318359375, 3.918267250061035156, 0, 0, -0.92553997039794921, 0.378649920225143432, 120, 255, 1, 26972), -- 259382 (Area: 7881 - Difficulty: 0)
(@OGUID+218, 259383, 0, 41, 7881, '0', '5829', 0, -11169.9150390625, -1937.1524658203125, 755.9879150390625, 5.689775466918945312, 0, 0, -0.29237079620361328, 0.95630502700805664, 120, 255, 1, 26972), -- 259383 (Area: 7881 - Difficulty: 0)
(@OGUID+219, 241951, 0, 41, 7881, '0', '5829', 0, -11141.482421875, -1937.919189453125, 741.07135009765625, 4.363151073455810546, 0, 0, -0.81920146942138671, 0.573505878448486328, 120, 255, 1, 26972), -- 241951 (Area: 7881 - Difficulty: 0)
(@OGUID+220, 250310, 0, 41, 7881, '0', '5829', 0, -11272.4150390625, -1988.7978515625, 751.0738525390625, 3.447027206420898437, 0, 0, -0.98836135864257812, 0.152124300599098205, 120, 255, 1, 26972), -- 250310 (Area: 7881 - Difficulty: 0)
(@OGUID+221, 250301, 0, 41, 7881, '0', '5829', 0, -11256.1611328125, -1966.05126953125, 750.956298828125, 2.72271275520324707, 0, 0, 0.978147506713867187, 0.207912087440490722, 120, 255, 1, 26972), -- 250301 (Area: 7881 - Difficulty: 0)
(@OGUID+222, 250307, 0, 41, 7881, '0', '5829', 0, -11275.189453125, -1989.8289794921875, 751.0738525390625, 1.300268411636352539, 0, 0, 0.60529327392578125, 0.796002507209777832, 120, 255, 1, 26972), -- 250307 (Area: 7881 - Difficulty: 0)
(@OGUID+223, 250305, 0, 41, 7881, '0', '5829', 0, -11260.392578125, -1960.0384521484375, 751.07470703125, 3.447027206420898437, 0, 0, -0.98836135864257812, 0.152124300599098205, 120, 255, 1, 26972), -- 250305 (Area: 7881 - Difficulty: 0)
(@OGUID+224, 250306, 0, 41, 7881, '0', '5829', 0, -11262.0048828125, -1961.800537109375, 751.0738525390625, 1.300268411636352539, 0, 0, 0.60529327392578125, 0.796002507209777832, 120, 255, 1, 26972), -- 250306 (Area: 7881 - Difficulty: 0)
(@OGUID+225, 242030, 0, 41, 7881, '0', '5829', 0, -11280.708984375, -1993.0172119140625, 756.73175048828125, 1.149772882461547851, -0.01764106750488281, 0.027228355407714843, 0.543453216552734375, 0.838812232017517089, 120, 255, 1, 26972), -- 242030 (Area: 7881 - Difficulty: 0)
(@OGUID+226, 250258, 0, 41, 7881, '0', '5829', 0, -11244.138671875, -1943.9444580078125, 741.15460205078125, 1.544615507125854492, 0, 0, 0.697790145874023437, 0.716302275657653808, 120, 255, 1, 26972), -- 250258 (Area: 7881 - Difficulty: 0)
(@OGUID+227, 250259, 0, 41, 7881, '0', '5829', 0, -11241.6708984375, -1943.98193359375, 741.15460205078125, 2.652894020080566406, 0, 0, 0.970294952392578125, 0.241925001144409179, 120, 255, 1, 26972), -- 250259 (Area: 7881 - Difficulty: 0)
(@OGUID+228, 250261, 0, 41, 7881, '0', '5829', 0, -11244.9736328125, -1943.15234375, 741.15460205078125, 0.061086613684892654, 0, 0, 0.030538558959960937, 0.999533593654632568, 120, 255, 1, 26972), -- 250261 (Area: 7881 - Difficulty: 0)
(@OGUID+229, 259284, 0, 41, 7881, '0', '5829', 0, -11173.81640625, -1918.6224365234375, 740.79937744140625, 4.014260292053222656, 0, 0, -0.90630722045898437, 0.422619491815567016, 120, 255, 1, 26972), -- 259284 (Area: 7881 - Difficulty: 0)
(@OGUID+230, 250308, 0, 41, 7881, '0', '5829', 0, -11272.0263671875, -1956.7493896484375, 751.07470703125, 5.427974700927734375, 0, 0, -0.41469287872314453, 0.909961462020874023, 120, 255, 1, 26972), -- 250308 (Area: 7881 - Difficulty: 0)
(@OGUID+231, 250309, 0, 41, 7881, '0', '5829', 0, -11269.419921875, -1956.0303955078125, 751.07470703125, 4.424411773681640625, 0, 0, -0.80125331878662109, 0.598325252532958984, 120, 255, 1, 26972), -- 250309 (Area: 7881 - Difficulty: 0)
(@OGUID+232, 250311, 0, 41, 7881, '0', '5829', 0, -11281.876953125, -1986.0164794921875, 751.0738525390625, 2.277654170989990234, 0, 0, 0.908143043518066406, 0.418660014867782592, 120, 255, 1, 26972), -- 250311 (Area: 7881 - Difficulty: 0)
(@OGUID+233, 250312, 0, 41, 7881, '0', '5829', 0, -11283.4267578125, -1985.502685546875, 751.0738525390625, 1.27409064769744873, 0, 0, 0.594822883605957031, 0.80385679006576538, 120, 255, 1, 26972), -- 250312 (Area: 7881 - Difficulty: 0)
(@OGUID+234, 242029, 0, 41, 7881, '0', '5829', 0, -11263.248046875, -1952.81640625, 756.7147216796875, 4.294665336608886718, 0.027199268341064453, 0.017685890197753906, -0.83791446685791015, 0.544836461544036865, 120, 255, 1, 26972), -- 242029 (Area: 7881 - Difficulty: 0)
(@OGUID+235, 250303, 0, 41, 7881, '0', '5829', 0, -11288.0048828125, -1981.7701416015625, 750.956298828125, 1.160643696784973144, 0, 0, 0.548293113708496093, 0.83628624677658081, 120, 255, 1, 26972), -- 250303 (Area: 7881 - Difficulty: 0)
(@OGUID+236, 259363, 0, 41, 7881, '0', '5829', 0, -11255.9599609375, -1944.104248046875, 740.49285888671875, 0.9948350191116333, 0, 0, 0.4771575927734375, 0.878817737102508544, 120, 255, 1, 26972), -- 259363 (Area: 7881 - Difficulty: 0)
(@OGUID+237, 259366, 0, 41, 7881, '0', '5829', 0, -11252.201171875, -1937.683349609375, 740.61767578125, 3.106652259826660156, 0, 0, 0.999847412109375, 0.017469281330704689, 120, 255, 1, 26972), -- 259366 (Area: 7881 - Difficulty: 0)
(@OGUID+238, 250304, 0, 41, 7881, '0', '5829', 0, -11276.40625, -1954.955810546875, 750.9571533203125, 4.319693565368652343, 0, 0, -0.83146858215332031, 0.555571734905242919, 120, 255, 1, 26972), -- 250304 (Area: 7881 - Difficulty: 0)
(@OGUID+239, 250260, 0, 41, 7881, '0', '5829', 0, -11239.0400390625, -1929.360595703125, 741.2227783203125, 4.581490039825439453, 0, 0, -0.75183963775634765, 0.659345984458923339, 120, 255, 1, 26972), -- 250260 (Area: 7881 - Difficulty: 0)
(@OGUID+240, 259352, 0, 41, 7881, '0', '5829', 0, -11258.8955078125, -1921.9437255859375, 740.72576904296875, 4.180065631866455078, 0, 0, -0.86819839477539062, 0.496217250823974609, 120, 255, 1, 26972), -- 259352 (Area: 7881 - Difficulty: 0)
(@OGUID+241, 259353, 0, 41, 7881, '0', '5829', 0, -11259.1806640625, -1932.23095703125, 740.72576904296875, 4.319690704345703125, 0, 0, -0.83146953582763671, 0.555570363998413085, 120, 255, 1, 26972), -- 259353 (Area: 7881 - Difficulty: 0)
(@OGUID+242, 259354, 0, 41, 7881, '0', '5829', 0, -11263.4931640625, -1930.28515625, 740.72576904296875, 4.249880313873291015, 0, 0, -0.85035133361816406, 0.52621537446975708, 120, 255, 1, 26972), -- 259354 (Area: 7881 - Difficulty: 0)
(@OGUID+243, 259355, 0, 41, 7881, '0', '5829', 0, -11260.962890625, -1925.333984375, 740.61767578125, 1.099556446075439453, 0, 0, 0.522498130798339843, 0.852640450000762939, 120, 255, 1, 26972), -- 259355 (Area: 7881 - Difficulty: 0)
(@OGUID+244, 259356, 0, 41, 7881, '0', '5829', 0, -11256.7099609375, -1927.693359375, 740.61767578125, 1.012289404869079589, 0, 0, 0.484808921813964843, 0.87462007999420166, 120, 255, 1, 26972), -- 259356 (Area: 7881 - Difficulty: 0)
(@OGUID+245, 259357, 0, 41, 7881, '0', '5829', 0, -11254.9755859375, -1924.1839599609375, 740.61767578125, 4.249880313873291015, 0, 0, -0.85035133361816406, 0.52621537446975708, 120, 255, 1, 26972), -- 259357 (Area: 7881 - Difficulty: 0)
(@OGUID+246, 259358, 0, 41, 7881, '0', '5829', 0, -11274.595703125, -1923.4786376953125, 740.72576904296875, 5.759587764739990234, 0, 0, -0.25881862640380859, 0.965925931930541992, 120, 255, 1, 26972), -- 259358 (Area: 7881 - Difficulty: 0)
(@OGUID+247, 259359, 0, 41, 7881, '0', '5829', 0, -11272.51953125, -1919.458984375, 740.72576904296875, 5.820675373077392578, 0, 0, -0.22919940948486328, 0.973379492759704589, 120, 255, 1, 26972), -- 259359 (Area: 7881 - Difficulty: 0)
(@OGUID+248, 259378, 0, 41, 7881, '0', '5829', 0, -11224.4619140625, -1908.6878662109375, 746.76336669921875, 2.504543066024780273, 0, 0, 0.949698448181152343, 0.313165903091430664, 120, 255, 1, 26972), -- 259378 (Area: 7881 - Difficulty: 0)
(@OGUID+249, 259360, 0, 41, 7881, '0', '5829', 0, -11265.1298828125, -1933.90283203125, 740.72576904296875, 1.169368624687194824, 0, 0, 0.551936149597167968, 0.833886384963989257, 120, 255, 1, 26972); -- 259360 (Area: 7881 - Difficulty: 0)

INSERT INTO `gameobject` (`guid`, `id`, `map`, `zoneId`, `areaId`, `spawnDifficulties`, `PhaseId`, `PhaseGroup`, `position_x`, `position_y`, `position_z`, `orientation`, `rotation0`, `rotation1`, `rotation2`, `rotation3`, `spawntimesecs`, `animprogress`, `state`, `VerifiedBuild`) VALUES
(@OGUID+250, 259361, 0, 41, 7881, '0', '5829', 0, -11268.7529296875, -1921.19775390625, 740.72576904296875, 2.617989301681518554, 0, 0, 0.965925216674804687, 0.258821308612823486, 120, 255, 1, 26972), -- 259361 (Area: 7881 - Difficulty: 0)
(@OGUID+251, 259362, 0, 41, 7881, '0', '5829', 0, -11271.1708984375, -1925.671142578125, 740.72576904296875, 2.687806606292724609, 0, 0, 0.974370002746582031, 0.224951311945915222, 120, 255, 1, 26972), -- 259362 (Area: 7881 - Difficulty: 0)
(@OGUID+252, 259364, 0, 41, 7881, '0', '5829', 0, -11263.673828125, -1939.99658203125, 740.38446044921875, 1.108283400535583496, 0, 0, 0.526213645935058593, 0.850352406501770019, 120, 255, 1, 26972), -- 259364 (Area: 7881 - Difficulty: 0)
(@OGUID+253, 259365, 0, 41, 7881, '0', '5829', 0, -11272.1318359375, -1935.71875, 740.49102783203125, 1.26536107063293457, 0, 0, 0.59130859375, 0.80644536018371582, 120, 255, 1, 26972), -- 259365 (Area: 7881 - Difficulty: 0)
(@OGUID+254, 259367, 0, 41, 7881, '0', '5829', 0, -11260.9921875, -1935.9671630859375, 740.72576904296875, 1.038469314575195312, 0, 0, 0.4962158203125, 0.86819922924041748, 120, 255, 1, 26972), -- 259367 (Area: 7881 - Difficulty: 0)
(@OGUID+255, 259368, 0, 41, 7881, '0', '5829', 0, -11247.845703125, -1928.878662109375, 740.61767578125, 2.321282386779785156, 0, 0, 0.917058944702148437, 0.398751676082611083, 120, 255, 1, 26972), -- 259368 (Area: 7881 - Difficulty: 0)
(@OGUID+256, 241959, 0, 41, 7881, '0', '5829', 0, -11141.5537109375, -1925.2723388671875, 750.1474609375, 6.204647541046142578, 0, 0, -0.03925895690917968, 0.999229073524475097, 120, 255, 1, 26972), -- 241959 (Area: 7881 - Difficulty: 0)
(@OGUID+257, 242220, 0, 41, 7881, '0', '5829', 0, -11178.44140625, -1916.3056640625, 740.81353759765625, 0.881389737129211425, 0, 0, 0.426568031311035156, 0.904455482959747314, 120, 255, 1, 26972), -- 242220 (Area: 7881 - Difficulty: 0)
(@OGUID+258, 259285, 0, 41, 7881, '0', '5829', 0, -11181.6494140625, -1912.0496826171875, 740.79937744140625, 4.014260292053222656, 0, 0, -0.90630722045898437, 0.422619491815567016, 120, 255, 1, 26972), -- 259285 (Area: 7881 - Difficulty: 0)
(@OGUID+259, 250435, 0, 41, 7881, '0', '5829', 0, -11148.2392578125, -1920.2978515625, 740.74920654296875, 5.759587764739990234, 0, 0, -0.25881862640380859, 0.965925931930541992, 120, 255, 1, 26972), -- 250435 (Area: 7881 - Difficulty: 0)
(@OGUID+260, 259380, 0, 41, 7881, '0', '5829', 0, -11148.25, -1920.2689208984375, 752.66424560546875, 3.70009779930114746, 0, 0, -0.96126174926757812, 0.275637149810791015, 120, 255, 1, 26972), -- 259380 (Area: 7881 - Difficulty: 0)
(@OGUID+261, 259387, 0, 41, 7881, '0', '5829', 0, -11150.236328125, -1919.4622802734375, 752.66424560546875, 1.169368624687194824, 0, 0, 0.551936149597167968, 0.833886384963989257, 120, 255, 1, 26972), -- 259387 (Area: 7881 - Difficulty: 0)
(@OGUID+262, 259390, 0, 41, 7881, '0', '5829', 0, -11154.3720703125, -1916.1427001953125, 752.66424560546875, 5.235987663269042968, 0, 0, -0.5, 0.866025388240814208, 120, 255, 1, 26972), -- 259390 (Area: 7881 - Difficulty: 0)
(@OGUID+263, 242215, 0, 41, 7881, '0', '5829', 0, -11106.0087890625, -1934.601806640625, 739.9488525390625, 4.363151073455810546, 0, 0, -0.81920146942138671, 0.573505878448486328, 120, 255, 1, 26972), -- 242215 (Area: 7881 - Difficulty: 0)
(@OGUID+264, 242216, 0, 41, 7881, '0', '5829', 0, -11112.4775390625, -1929.250244140625, 739.508056640625, 4.721118450164794921, 0, 0, -0.70401382446289062, 0.710186243057250976, 120, 255, 1, 26972), -- 242216 (Area: 7881 - Difficulty: 0)
(@OGUID+265, 259404, 0, 41, 7881, '0', '5829', 0, -11107.2373046875, -1899.1693115234375, 717.5469970703125, 2.66162729263305664, 0, 0, 0.971342086791992187, 0.237685784697532653, 120, 255, 1, 26972), -- 259404 (Area: 7881 - Difficulty: 0)
(@OGUID+266, 246854, 0, 41, 2561, '0', '5829', 0, -11088.3349609375, -1993.40283203125, 741.03399658203125, 5.602506637573242187, 0, 0, -0.33380699157714843, 0.942641437053680419, 120, 255, 1, 26972); -- 246854 (Area: 2561 - Difficulty: 0)

DELETE FROM `gameobject_addon` WHERE `guid` BETWEEN @OGUID+0 AND @OGUID+265;
INSERT INTO `gameobject_addon` (`guid`, `parent_rotation0`, `parent_rotation1`, `parent_rotation2`, `parent_rotation3`, `WorldEffectID`) VALUES
(@OGUID+0, 0, 0, -0.33380699157714843, 0.942641437053680419, 0), -- 241969
(@OGUID+1, 0, 0, -0.33380699157714843, 0.942641437053680419, 0), -- 241957
(@OGUID+2, 0, 0, -0.33380699157714843, 0.942641437053680419, 0), -- 250470
(@OGUID+3, 0, 0, -0.33380699157714843, 0.942641437053680419, 0), -- 250474
(@OGUID+4, 0, 0, -0.33380699157714843, 0.942641437053680419, 0), -- 250460
(@OGUID+5, 0, 0, -0.33380699157714843, 0.942641437053680419, 0), -- 250461
(@OGUID+6, 0, 0, -0.33380699157714843, 0.942641437053680419, 0), -- 250462
(@OGUID+7, 0, 0, -0.33380699157714843, 0.942641437053680419, 0), -- 250463
(@OGUID+8, 0, 0, -0.33380699157714843, 0.942641437053680419, 0), -- 250496
(@OGUID+9, 0, 0, -0.33380699157714843, 0.942641437053680419, 0), -- 259336
(@OGUID+10, 0, 0, -0.33380699157714843, 0.942641437053680419, 0), -- 250498
(@OGUID+11, 0, 0, -0.33380699157714843, 0.942641437053680419, 0), -- 250499
(@OGUID+12, 0, 0, -0.33380699157714843, 0.942641437053680419, 0), -- 259338
(@OGUID+13, 0, 0, -0.33380699157714843, 0.942641437053680419, 0), -- 250500
(@OGUID+14, 0, 0, -0.33380699157714843, 0.942641437053680419, 0), -- 241964
(@OGUID+15, 0, 0, -0.33380699157714843, 0.942641437053680419, 0), -- 242236
(@OGUID+16, 0, 0, -0.33380699157714843, 0.942641437053680419, 0), -- 241945
(@OGUID+17, 0, 0, -0.33380699157714843, 0.942641437053680419, 0), -- 242218
(@OGUID+19, 0, 0, -0.33380699157714843, 0.942641437053680419, 0), -- 250215
(@OGUID+20, 0, 0, -0.33380699157714843, 0.942641437053680419, 0), -- 250481
(@OGUID+21, 0, 0, -0.33380699157714843, 0.942641437053680419, 0), -- 250482
(@OGUID+22, 0, 0, -0.33380699157714843, 0.942641437053680419, 0), -- 250483
(@OGUID+23, 0, 0, -0.33380699157714843, 0.942641437053680419, 0), -- 250484
(@OGUID+24, 0, 0, -0.33380699157714843, 0.942641437053680419, 0), -- 250490
(@OGUID+25, 0, 0, -0.33380699157714843, 0.942641437053680419, 0), -- 250491
(@OGUID+26, 0, 0, -0.33380699157714843, 0.942641437053680419, 0), -- 259289
(@OGUID+27, 0, 0, -0.33380699157714843, 0.942641437053680419, 0), -- 259290
(@OGUID+28, 0, 0, -0.33380699157714843, 0.942641437053680419, 0), -- 259291
(@OGUID+29, 0, 0, -0.33380699157714843, 0.942641437053680419, 0), -- 259292
(@OGUID+30, 0, 0, -0.33380699157714843, 0.942641437053680419, 0), -- 259335
(@OGUID+31, 0, 0, -0.33380699157714843, 0.942641437053680419, 0), -- 250497
(@OGUID+32, 0, 0, -0.33380699157714843, 0.942641437053680419, 0), -- 259337
(@OGUID+33, 0, 0, -0.33380699157714843, 0.942641437053680419, 0), -- 259339
(@OGUID+34, 0, 0, -0.33380699157714843, 0.942641437053680419, 0), -- 241958
(@OGUID+35, 0, 0, -0.33380699157714843, 0.942641437053680419, 0), -- 241963
(@OGUID+36, 0, 0, -0.33380699157714843, 0.942641437053680419, 0), -- 241966
(@OGUID+37, 0, 0, -0.33380699157714843, 0.942641437053680419, 0), -- 242237
(@OGUID+38, 0, 0, -0.33380699157714843, 0.942641437053680419, 0), -- 241944
(@OGUID+39, 0, 0, -0.33380699157714843, 0.942641437053680419, 0), -- 241950
(@OGUID+40, 0, 0, -0.33380699157714843, 0.942641437053680419, 0), -- 242200
(@OGUID+41, 0, 0, -0.33380699157714843, 0.942641437053680419, 0), -- 246260
(@OGUID+42, 0, 0, -0.33380699157714843, 0.942641437053680419, 0), -- 246261
(@OGUID+43, 0, 0, -0.33380699157714843, 0.942641437053680419, 0), -- 250214
(@OGUID+44, 0, 0, -0.33380699157714843, 0.942641437053680419, 0), -- 250480
(@OGUID+45, 0, 0, -0.33380699157714843, 0.942641437053680419, 0), -- 250485
(@OGUID+46, 0, 0, -0.33380699157714843, 0.942641437053680419, 0), -- 250487
(@OGUID+47, 0, 0, -0.33380699157714843, 0.942641437053680419, 0), -- 250492
(@OGUID+48, 0, 0, -0.33380699157714843, 0.942641437053680419, 0), -- 250493
(@OGUID+49, 0, 0, -0.33380699157714843, 0.942641437053680419, 0), -- 250494
(@OGUID+50, 0, 0, -0.33380699157714843, 0.942641437053680419, 0), -- 250495
(@OGUID+51, 0, 0, -0.33380699157714843, 0.942641437053680419, 0), -- 250464
(@OGUID+52, 0, 0, -0.33380699157714843, 0.942641437053680419, 0), -- 250471
(@OGUID+53, 0, 0, -0.33380699157714843, 0.942641437053680419, 0), -- 250472
(@OGUID+54, 0, 0, -0.33380699157714843, 0.942641437053680419, 0), -- 250473
(@OGUID+55, 0, 0, -0.33380699157714843, 0.942641437053680419, 0), -- 250477
(@OGUID+56, 0, 0, -0.33380699157714843, 0.942641437053680419, 0), -- 250478
(@OGUID+57, 0, 0, -0.33380699157714843, 0.942641437053680419, 0), -- 250479
(@OGUID+58, 0, 0, -0.33380699157714843, 0.942641437053680419, 0), -- 259293
(@OGUID+59, 0, 0, -0.33380699157714843, 0.942641437053680419, 0), -- 259294
(@OGUID+60, 0, 0, -0.33380699157714843, 0.942641437053680419, 0), -- 259295
(@OGUID+61, 0, 0, -0.33380699157714843, 0.942641437053680419, 0), -- 250457
(@OGUID+62, 0, 0, -0.33380699157714843, 0.942641437053680419, 0), -- 250458
(@OGUID+63, 0, 0, -0.33380699157714843, 0.942641437053680419, 0), -- 250459
(@OGUID+64, 0, 0, -0.33380699157714843, 0.942641437053680419, 0), -- 250436
(@OGUID+65, 0, 0, -0.33380699157714843, 0.942641437053680419, 0), -- 250297
(@OGUID+66, 0, 0, -0.33380699157714843, 0.942641437053680419, 0), -- 250298
(@OGUID+67, 0, 0, -0.33380699157714843, 0.942641437053680419, 0), -- 250299
(@OGUID+69, 0, 0, -0.33380699157714843, 0.942641437053680419, 0), -- 259415
(@OGUID+70, 0, 0, -0.33380699157714843, 0.942641437053680419, 0), -- 259416
(@OGUID+71, 0, 0, -0.33380699157714843, 0.942641437053680419, 0), -- 259303
(@OGUID+72, 0, 0, -0.33380699157714843, 0.942641437053680419, 0), -- 259304
(@OGUID+73, 0, 0, -0.33380699157714843, 0.942641437053680419, 0), -- 259305
(@OGUID+74, 0, 0, -0.33380699157714843, 0.942641437053680419, 0), -- 259306
(@OGUID+75, 0, 0, -0.33380699157714843, 0.942641437053680419, 0), -- 259350
(@OGUID+76, 0, 0, -0.33380699157714843, 0.942641437053680419, 0), -- 241972
(@OGUID+77, 0, 0, -0.33380699157714843, 0.942641437053680419, 0), -- 249516
(@OGUID+78, 0, 0, -0.33380699157714843, 0.942641437053680419, 0), -- 241960
(@OGUID+79, 0, 0, -0.33380699157714843, 0.942641437053680419, 0), -- 248079
(@OGUID+80, 0, 0, -0.33380699157714843, 0.942641437053680419, 0), -- 242201
(@OGUID+81, 0, 0, -0.33380699157714843, 0.942641437053680419, 0), -- 242039
(@OGUID+82, 0, 0, -0.33380699157714843, 0.942641437053680419, 0), -- 242043
(@OGUID+83, 0, 0, -0.33380699157714843, 0.942641437053680419, 0), -- 259262
(@OGUID+84, 0, 0, -0.33380699157714843, 0.942641437053680419, 0), -- 246257
(@OGUID+85, 0, 0, -0.33380699157714843, 0.942641437053680419, 0), -- 246258
(@OGUID+86, 0, 0, -0.33380699157714843, 0.942641437053680419, 0), -- 246262
(@OGUID+87, 0, 0, -0.33380699157714843, 0.942641437053680419, 0), -- 259312
(@OGUID+88, 0, 0, -0.33380699157714843, 0.942641437053680419, 0), -- 259309
(@OGUID+89, 0, 0, -0.33380699157714843, 0.942641437053680419, 0), -- 259310
(@OGUID+90, 0, 0, -0.33380699157714843, 0.942641437053680419, 0), -- 259311
(@OGUID+91, 0, 0, -0.33380699157714843, 0.942641437053680419, 0), -- 248516
(@OGUID+92, 0, 0, -0.33380699157714843, 0.942641437053680419, 0), -- 242198
(@OGUID+93, 0, 0, -0.33380699157714843, 0.942641437053680419, 0), -- 259317
(@OGUID+94, 0, 0, -0.33380699157714843, 0.942641437053680419, 0), -- 250216
(@OGUID+95, 0, 0, -0.33380699157714843, 0.942641437053680419, 0), -- 250219
(@OGUID+96, 0, 0, -0.33380699157714843, 0.942641437053680419, 0), -- 250438
(@OGUID+97, 0, 0, -0.33380699157714843, 0.942641437053680419, 0), -- 250300
(@OGUID+98, 0, 0, -0.33380699157714843, 0.942641437053680419, 0), -- 259347
(@OGUID+99, 0, 0, -0.33380699157714843, 0.942641437053680419, 0), -- 259341
(@OGUID+100, 0, 0, -0.33380699157714843, 0.942641437053680419, 0), -- 259342
(@OGUID+101, 0, 0, -0.33380699157714843, 0.942641437053680419, 0), -- 259343
(@OGUID+102, 0, 0, -0.33380699157714843, 0.942641437053680419, 0), -- 267068
(@OGUID+103, 0, 0, -0.33380699157714843, 0.942641437053680419, 0), -- 242199
(@OGUID+104, 0, 0, -0.33380699157714843, 0.942641437053680419, 0), -- 242202
(@OGUID+105, 0, 0, -0.33380699157714843, 0.942641437053680419, 0), -- 250313
(@OGUID+106, 0, 0, -0.33380699157714843, 0.942641437053680419, 0), -- 250314
(@OGUID+107, 0, 0, -0.33380699157714843, 0.942641437053680419, 0), -- 242038
(@OGUID+108, 0, 0, -0.33380699157714843, 0.942641437053680419, 0), -- 242044
(@OGUID+109, 0, 0, -0.33380699157714843, 0.942641437053680419, 0), -- 242046
(@OGUID+110, 0, 0, -0.33380699157714843, 0.942641437053680419, 0), -- 246945
(@OGUID+111, 0, 0, -0.33380699157714843, 0.942641437053680419, 0), -- 250217
(@OGUID+112, 0, 0, -0.33380699157714843, 0.942641437053680419, 0), -- 250218
(@OGUID+113, 0, 0, -0.33380699157714843, 0.942641437053680419, 0), -- 258328
(@OGUID+114, 0, 0, -0.33380699157714843, 0.942641437053680419, 0), -- 258329
(@OGUID+115, 0, 0, -0.33380699157714843, 0.942641437053680419, 0), -- 242051
(@OGUID+117, 0, 0, -0.33380699157714843, 0.942641437053680419, 0), -- 259344
(@OGUID+118, 0, 0, -0.33380699157714843, 0.942641437053680419, 0), -- 259348
(@OGUID+119, 0, 0, -0.33380699157714843, 0.942641437053680419, 0), -- 259334
(@OGUID+120, 0, 0, -0.33380699157714843, 0.942641437053680419, 0), -- 250320
(@OGUID+121, 0, 0, -0.33380699157714843, 0.942641437053680419, 0), -- 250321
(@OGUID+122, 0, 0, -0.33380699157714843, 0.942641437053680419, 0), -- 250322
(@OGUID+123, 0, 0, -0.33380699157714843, 0.942641437053680419, 0), -- 250323
(@OGUID+124, 0, 0, -0.33380699157714843, 0.942641437053680419, 0), -- 242037
(@OGUID+125, 0, 0, -0.33380699157714843, 0.942641437053680419, 0), -- 250317
(@OGUID+126, 0, 0, -0.33380699157714843, 0.942641437053680419, 0), -- 250318
(@OGUID+127, 0, 0, -0.33380699157714843, 0.942641437053680419, 0), -- 242040
(@OGUID+128, 0, 0, -0.33380699157714843, 0.942641437053680419, 0), -- 250319
(@OGUID+129, 0, 0, -0.33380699157714843, 0.942641437053680419, 0), -- 242041
(@OGUID+130, 0, 0, -0.33380699157714843, 0.942641437053680419, 0), -- 242045
(@OGUID+131, 0, 0, -0.33380699157714843, 0.942641437053680419, 0), -- 245663
(@OGUID+132, 0, 0, -0.33380699157714843, 0.942641437053680419, 0), -- 258330
(@OGUID+133, 0, 0, -0.33380699157714843, 0.942641437053680419, 0), -- 242052
(@OGUID+134, 0, 0, -0.33380699157714843, 0.942641437053680419, 0), -- 242118
(@OGUID+135, 0, 0, -0.33380699157714843, 0.942641437053680419, 0), -- 245832
(@OGUID+136, 0, 0, -0.33380699157714843, 0.942641437053680419, 0), -- 245833
(@OGUID+137, 0, 0, -0.33380699157714843, 0.942641437053680419, 0), -- 259349
(@OGUID+138, 0, 0, -0.33380699157714843, 0.942641437053680419, 0), -- 250324
(@OGUID+139, 0, 0, -0.33380699157714843, 0.942641437053680419, 0), -- 250315
(@OGUID+140, 0, 0, -0.33380699157714843, 0.942641437053680419, 0), -- 250316
(@OGUID+141, 0, 0, -0.33380699157714843, 0.942641437053680419, 0), -- 242047
(@OGUID+142, 0, 0, -0.33380699157714843, 0.942641437053680419, 0), -- 245661
(@OGUID+143, 0, 0, -0.33380699157714843, 0.942641437053680419, 0), -- 245662
(@OGUID+144, 0, 0, -0.33380699157714843, 0.942641437053680419, 0), -- 242054
(@OGUID+145, 0, 0, -0.33380699157714843, 0.942641437053680419, 0), -- 242123
(@OGUID+146, 0, 0, -0.33380699157714843, 0.942641437053680419, 0), -- 242230
(@OGUID+147, 0, 0, -0.33380699157714843, 0.942641437053680419, 0), -- 259345
(@OGUID+148, 0, 0, -0.33380699157714843, 0.942641437053680419, 0), -- 259346
(@OGUID+149, 0, 0, -0.33380699157714843, 0.942641437053680419, 0), -- 242049
(@OGUID+150, 0, 0, -0.33380699157714843, 0.942641437053680419, 0), -- 242050
(@OGUID+151, 0, 0, -0.33380699157714843, 0.942641437053680419, 0), -- 242229
(@OGUID+152, 0, 0, -0.33380699157714843, 0.942641437053680419, 0), -- 259392
(@OGUID+153, 0, 0, -0.33380699157714843, 0.942641437053680419, 0), -- 259391
(@OGUID+154, 0, 0, -0.33380699157714843, 0.942641437053680419, 0), -- 260236
(@OGUID+155, 0, 0, -0.33380699157714843, 0.942641437053680419, 0), -- 242042
(@OGUID+156, 0, 0, -0.33380699157714843, 0.942641437053680419, 0), -- 242048
(@OGUID+157, 0, 0, -0.33380699157714843, 0.942641437053680419, 0), -- 241953
(@OGUID+158, 0, 0, -0.33380699157714843, 0.942641437053680419, 0), -- 259296
(@OGUID+159, 0, 0, -0.33380699157714843, 0.942641437053680419, 0), -- 242132
(@OGUID+160, 0, 0, -0.33380699157714843, 0.942641437053680419, 0), -- 241968
(@OGUID+161, 0, 0, -0.33380699157714843, 0.942641437053680419, 0), -- 241961
(@OGUID+162, 0, 0, -0.33380699157714843, 0.942641437053680419, 0), -- 242131
(@OGUID+163, 0, 0, -0.33380699157714843, 0.942641437053680419, 0), -- 250518
(@OGUID+164, 0, 0, -0.33380699157714843, 0.942641437053680419, 0), -- 250519
(@OGUID+165, 0, 0, -0.33380699157714843, 0.942641437053680419, 0), -- 250520
(@OGUID+166, 0, 0, -0.33380699157714843, 0.942641437053680419, 0), -- 241952
(@OGUID+167, 0, 0, -0.33380699157714843, 0.942641437053680419, 0), -- 241965
(@OGUID+168, 0, 0, -0.33380699157714843, 0.942641437053680419, 0), -- 258327
(@OGUID+169, 0, 0, -0.33380699157714843, 0.942641437053680419, 0), -- 250476
(@OGUID+170, 0, 0, -0.33380699157714843, 0.942641437053680419, 0), -- 250504
(@OGUID+171, 0, 0, -0.33380699157714843, 0.942641437053680419, 0), -- 250505
(@OGUID+172, 0, 0, -0.33380699157714843, 0.942641437053680419, 0), -- 250506
(@OGUID+173, 0, 0, -0.33380699157714843, 0.942641437053680419, 0), -- 250507
(@OGUID+174, 0, 0, -0.33380699157714843, 0.942641437053680419, 0), -- 250508
(@OGUID+175, 0, 0, -0.33380699157714843, 0.942641437053680419, 0), -- 241943
(@OGUID+176, 0, 0, -0.33380699157714843, 0.942641437053680419, 0), -- 250453
(@OGUID+177, 0, 0, -0.33380699157714843, 0.942641437053680419, 0), -- 250454
(@OGUID+178, 0, 0, -0.33380699157714843, 0.942641437053680419, 0), -- 250456
(@OGUID+179, 0, 0, -0.33380699157714843, 0.942641437053680419, 0), -- 242129
(@OGUID+180, 0, 0, -0.33380699157714843, 0.942641437053680419, 0), -- 242130
(@OGUID+181, 0, 0, -0.33380699157714843, 0.942641437053680419, 0), -- 250501
(@OGUID+182, 0, 0, -0.33380699157714843, 0.942641437053680419, 0), -- 250502
(@OGUID+183, 0, 0, -0.33380699157714843, 0.942641437053680419, 0), -- 250503
(@OGUID+184, 0, 0, -0.33380699157714843, 0.942641437053680419, 0), -- 242125
(@OGUID+185, 0, 0, -0.33380699157714843, 0.942641437053680419, 0), -- 242126
(@OGUID+186, 0, 0, -0.33380699157714843, 0.942641437053680419, 0), -- 250515
(@OGUID+187, 0, 0, -0.33380699157714843, 0.942641437053680419, 0), -- 250516
(@OGUID+188, 0, 0, -0.33380699157714843, 0.942641437053680419, 0), -- 250517
(@OGUID+189, 0, 0, -0.33380699157714843, 0.942641437053680419, 0), -- 250524
(@OGUID+190, 0, 0, -0.33380699157714843, 0.942641437053680419, 0), -- 250526
(@OGUID+191, 0, 0, -0.33380699157714843, 0.942641437053680419, 0), -- 250455
(@OGUID+192, 0, 0, -0.33380699157714843, 0.942641437053680419, 0), -- 250521
(@OGUID+193, 0, 0, -0.33380699157714843, 0.942641437053680419, 0), -- 250523
(@OGUID+194, 0, 0, -0.33380699157714843, 0.942641437053680419, 0), -- 250525
(@OGUID+195, 0, 0, -0.33380699157714843, 0.942641437053680419, 0), -- 250527
(@OGUID+196, 0, 0, -0.33380699157714843, 0.942641437053680419, 0), -- 250509
(@OGUID+197, 0, 0, -0.33380699157714843, 0.942641437053680419, 0), -- 250510
(@OGUID+198, 0, 0, -0.33380699157714843, 0.942641437053680419, 0), -- 250511
(@OGUID+199, 0, 0, -0.33380699157714843, 0.942641437053680419, 0), -- 259287
(@OGUID+200, 0, 0, -0.33380699157714843, 0.942641437053680419, 0), -- 250528
(@OGUID+201, 0, 0, -0.33380699157714843, 0.942641437053680419, 0), -- 242127
(@OGUID+202, 0, 0, -0.33380699157714843, 0.942641437053680419, 0), -- 250512
(@OGUID+203, 0, 0, -0.33380699157714843, 0.942641437053680419, 0), -- 250513
(@OGUID+204, 0, 0, -0.33380699157714843, 0.942641437053680419, 0), -- 250514
(@OGUID+205, 0, 0, -0.33380699157714843, 0.942641437053680419, 0), -- 250522
(@OGUID+206, 0, 0, -0.33380699157714843, 0.942641437053680419, 0), -- 259435
(@OGUID+207, 0, 0, -0.33380699157714843, 0.942641437053680419, 0), -- 259286
(@OGUID+208, 0, 0, -0.33380699157714843, 0.942641437053680419, 0), -- 259288
(@OGUID+209, 0, 0, -0.33380699157714843, 0.942641437053680419, 0), -- 242128
(@OGUID+210, 0, 0, -0.33380699157714843, 0.942641437053680419, 0), -- 259351
(@OGUID+211, 0, 0, -0.33380699157714843, 0.942641437053680419, 0), -- 259384
(@OGUID+212, 0, 0, -0.33380699157714843, 0.942641437053680419, 0), -- 259438
(@OGUID+213, 0, 0, -0.33380699157714843, 0.942641437053680419, 0), -- 259834
(@OGUID+214, 0, 0, -0.33380699157714843, 0.942641437053680419, 0), -- 250302
(@OGUID+216, 0, 0, -0.33380699157714843, 0.942641437053680419, 0), -- 259381
(@OGUID+217, 0, 0, -0.33380699157714843, 0.942641437053680419, 0), -- 259382
(@OGUID+218, 0, 0, -0.33380699157714843, 0.942641437053680419, 0), -- 259383
(@OGUID+219, 0, 0, -0.33380699157714843, 0.942641437053680419, 0), -- 241951
(@OGUID+220, 0, 0, -0.33380699157714843, 0.942641437053680419, 0), -- 250310
(@OGUID+221, 0, 0, -0.33380699157714843, 0.942641437053680419, 0), -- 250301
(@OGUID+222, 0, 0, -0.33380699157714843, 0.942641437053680419, 0), -- 250307
(@OGUID+223, 0, 0, -0.33380699157714843, 0.942641437053680419, 0), -- 250305
(@OGUID+224, 0, 0, -0.33380699157714843, 0.942641437053680419, 0), -- 250306
(@OGUID+225, 0, 0, -0.33380699157714843, 0.942641437053680419, 0), -- 242030
(@OGUID+226, 0, 0, -0.33380699157714843, 0.942641437053680419, 0), -- 250258
(@OGUID+227, 0, 0, -0.33380699157714843, 0.942641437053680419, 0), -- 250259
(@OGUID+228, 0, 0, -0.33380699157714843, 0.942641437053680419, 0), -- 250261
(@OGUID+229, 0, 0, -0.33380699157714843, 0.942641437053680419, 0), -- 259284
(@OGUID+230, 0, 0, -0.33380699157714843, 0.942641437053680419, 0), -- 250308
(@OGUID+231, 0, 0, -0.33380699157714843, 0.942641437053680419, 0), -- 250309
(@OGUID+232, 0, 0, -0.33380699157714843, 0.942641437053680419, 0), -- 250311
(@OGUID+233, 0, 0, -0.33380699157714843, 0.942641437053680419, 0), -- 250312
(@OGUID+234, 0, 0, -0.33380699157714843, 0.942641437053680419, 0), -- 242029
(@OGUID+235, 0, 0, -0.33380699157714843, 0.942641437053680419, 0), -- 250303
(@OGUID+236, 0, 0, -0.33380699157714843, 0.942641437053680419, 0), -- 259363
(@OGUID+237, 0, 0, -0.33380699157714843, 0.942641437053680419, 0), -- 259366
(@OGUID+238, 0, 0, -0.33380699157714843, 0.942641437053680419, 0), -- 250304
(@OGUID+239, 0, 0, -0.33380699157714843, 0.942641437053680419, 0), -- 250260
(@OGUID+240, 0, 0, -0.33380699157714843, 0.942641437053680419, 0), -- 259352
(@OGUID+241, 0, 0, -0.33380699157714843, 0.942641437053680419, 0), -- 259353
(@OGUID+242, 0, 0, -0.33380699157714843, 0.942641437053680419, 0), -- 259354
(@OGUID+243, 0, 0, -0.33380699157714843, 0.942641437053680419, 0), -- 259355
(@OGUID+244, 0, 0, -0.33380699157714843, 0.942641437053680419, 0), -- 259356
(@OGUID+245, 0, 0, -0.33380699157714843, 0.942641437053680419, 0), -- 259357
(@OGUID+246, 0, 0, -0.33380699157714843, 0.942641437053680419, 0), -- 259358
(@OGUID+247, 0, 0, -0.33380699157714843, 0.942641437053680419, 0), -- 259359
(@OGUID+248, 0, 0, -0.33380699157714843, 0.942641437053680419, 0), -- 259378
(@OGUID+249, 0, 0, -0.33380699157714843, 0.942641437053680419, 0), -- 259360
(@OGUID+250, 0, 0, -0.33380699157714843, 0.942641437053680419, 0), -- 259361
(@OGUID+251, 0, 0, -0.33380699157714843, 0.942641437053680419, 0), -- 259362
(@OGUID+252, 0, 0, -0.33380699157714843, 0.942641437053680419, 0), -- 259364
(@OGUID+253, 0, 0, -0.33380699157714843, 0.942641437053680419, 0); -- 259365

INSERT INTO `gameobject_addon` (`guid`, `parent_rotation0`, `parent_rotation1`, `parent_rotation2`, `parent_rotation3`, `WorldEffectID`) VALUES
(@OGUID+254, 0, 0, -0.33380699157714843, 0.942641437053680419, 0), -- 259367
(@OGUID+255, 0, 0, -0.33380699157714843, 0.942641437053680419, 0), -- 259368
(@OGUID+256, 0, 0, -0.33380699157714843, 0.942641437053680419, 0), -- 241959
(@OGUID+257, 0, 0, -0.33380699157714843, 0.942641437053680419, 0), -- 242220
(@OGUID+258, 0, 0, -0.33380699157714843, 0.942641437053680419, 0), -- 259285
(@OGUID+259, 0, 0, -0.33380699157714843, 0.942641437053680419, 0), -- 250435
(@OGUID+260, 0, 0, -0.33380699157714843, 0.942641437053680419, 0), -- 259380
(@OGUID+261, 0, 0, -0.33380699157714843, 0.942641437053680419, 0), -- 259387
(@OGUID+262, 0, 0, -0.33380699157714843, 0.942641437053680419, 0), -- 259390
(@OGUID+263, 0, 0, -0.33380699157714843, 0.942641437053680419, 0), -- 242215
(@OGUID+264, 0, 0, -0.33380699157714843, 0.942641437053680419, 0), -- 242216
(@OGUID+265, 0, 0, -0.33380699157714843, 0.942641437053680419, 0); -- 259404

DELETE FROM `creature_model_info` WHERE `DisplayID` IN (11686, 56533, 67910, 26067, 26070, 65256, 26068, 26069, 29835, 25878, 64169, 62180, 26321, 25877, 64023, 27215, 26311, 25644, 66826, 26375, 26374, 4449, 26339, 26071, 63776, 29145, 68732, 1913, 68036, 67196, 67195, 66854, 38491, 67193, 65834, 39799, 47997, 10950, 48000, 26074, 26072, 68480, 47999, 26073, 72772, 27216);
INSERT INTO `creature_model_info` (`DisplayID`, `BoundingRadius`, `CombatReach`, `DisplayID_Other_Gender`, `VerifiedBuild`) VALUES
(11686, 0.5, 1, 0, 26972),
(56533, 1, 2, 0, 26972),
(67910, 0.386561989784240722, 0, 0, 26972),
(26067, 0.382999986410140991, 1.5, 0, 26972),
(26070, 0.382999986410140991, 1.5, 0, 26972),
(65256, 0.305999994277954101, 1.5, 0, 26972),
(26068, 0.382999986410140991, 1.5, 0, 26972),
(26069, 0.382999986410140991, 1.5, 0, 26972),
(29835, 0.305999994277954101, 1.5, 0, 26972),
(25878, 0.208000004291534423, 1.5, 0, 26972),
(64169, 2.332611560821533203, 2.599999904632568359, 0, 26972),
(62180, 3.588633298873901367, 4, 0, 26972),
(26321, 0.347000002861022949, 1.5, 0, 26972),
(25877, 0.382999986410140991, 1.5, 0, 26972),
(64023, 0.900000035762786865, 3, 0, 26972),
(27215, 0.336600005626678466, 1.65000009536743164, 0, 26972),
(26311, 0.208000004291534423, 1.5, 0, 26972),
(25644, 0.347000002861022949, 1.5, 0, 26972),
(66826, 0.579842984676361083, 0, 0, 26972),
(26375, 0.305999994277954101, 1.5, 0, 26972),
(26374, 0.305999994277954101, 1.5, 0, 26972),
(4449, 0.386561989784240722, 0, 0, 26972),
(26339, 0.382999986410140991, 1.5, 0, 26972),
(26071, 0.382999986410140991, 1.5, 0, 26972),
(63776, 0.249600008130073547, 1.80000007152557373, 0, 26972),
(29145, 0.347000002861022949, 1.5, 0, 26972),
(68732, 4.485791683197021484, 5, 0, 26972),
(1913, 1.218677759170532226, 1.5, 0, 26972),
(68036, 0.386561989784240722, 0, 0, 26972),
(67196, 0.367200016975402832, 1.80000007152557373, 0, 26972),
(67195, 0.367200016975402832, 1.80000007152557373, 0, 26972),
(66854, 0.386561989784240722, 0, 0, 26972),
(38491, 0.367200016975402832, 1.80000007152557373, 0, 26972),
(67193, 0.367200016975402832, 1.80000007152557373, 0, 26972),
(65834, 0.428497314453125, 0, 0, 26972),
(39799, 0.305999994277954101, 1.5, 0, 26972),
(47997, 0.421299993991851806, 1.65000009536743164, 0, 26972),
(10950, 0.853074431419372558, 1.049999952316284179, 0, 26972),
(48000, 0.336600005626678466, 1.65000009536743164, 0, 26972),
(26074, 0.382999986410140991, 1.5, 0, 26972),
(26072, 0.382999986410140991, 1.5, 0, 26972),
(68480, 0.305999994277954101, 1.5, 0, 26972),
(47999, 0.228800013661384582, 1.65000009536743164, 0, 26972),
(26073, 0.382999986410140991, 1.5, 0, 26972),
(72772, 2, 3, 0, 26972),
(27216, 0.336600005626678466, 1.65000009536743164, 0, 26972);